booking_id,addon_id,addon_quantity
2,2,2
2,5,2
2,7,1
2,11,2
4,7,1
5,5,2
5,7,1
6,7,1
7,7,1
8,7,1
8,10,2
9,8,15
10,7,1
10,14,1
12,6,1
14,4,1
14,8,3
15,7,1
15,5,2
16,6,2
20,6,3
20,14,1
20,7,1
21,6,2
21,14,1
21,11,1
22,8,1
23,8,13
25,7,1
26,8,6
27,14,1
27,1,1
28,8,7
29,7,1
30,7,1
30,1,1
31,8,5
33,7,1
34,5,2
34,7,1
35,7,1
36,8,10
36,14,1
37,7,1
38,10,1
39,7,1
39,11,3
40,2,1
40,7,1
41,7,1
42,2,1
42,7,1
43,6,2
43,7,1
44,8,1
45,14,1
45,2,1
45,11,2
45,7,1
46,8,4
47,7,1
47,5,2
47,11,2
48,8,11
48,11,1
49,2,1
49,8,9
50,7,1
51,7,1
51,11,1
52,7,1
54,5,2
54,7,1
55,1,1
55,7,1
55,6,2
56,5,2
56,8,20
57,6,1
57,7,1
58,6,1
58,7,1
58,10,1
59,7,1
59,14,1
60,8,11
62,6,2
62,7,1
63,2,1
63,8,10
64,7,1
65,8,6
67,14,1
67,1,4
67,5,1
68,5,2
68,7,1
68,6,2
69,1,1
70,7,1
71,7,1
72,7,1
73,7,1
74,8,2
76,8,17
77,8,8
78,8,5
78,10,1
79,5,3
79,8,10
80,2,1
80,7,1
81,2,1
81,8,13
82,1,1
82,7,1
83,7,1
84,7,1
84,11,1
85,6,1
86,8,2
87,8,14
88,7,1
88,1,1
89,7,1
90,7,1
91,7,1
92,7,1
92,6,2
92,2,2
93,7,1
95,7,1
95,9,1
96,7,1
96,6,2
98,8,13
99,8,6
99,11,2
100,14,1
101,14,1
101,5,1
101,7,1
102,8,11
103,8,7
104,11,1
104,7,1
105,1,1
105,7,1
106,6,2
106,8,8
107,8,7
107,11,1
109,8,10
116,6,2
116,2,1
120,2,1
120,4,1
122,7,1
124,6,2
125,6,1
125,7,1
126,5,2
126,7,1
128,7,1
129,7,1
130,8,8
131,7,1
132,6,2
132,8,6
133,7,1
135,6,2
135,7,1
136,6,1
136,7,1
136,11,1
137,6,2
137,8,6
140,2,1
141,2,2
141,6,2
142,9,1
144,7,1
146,7,1
147,8,10
148,6,1
148,8,9
149,7,1
149,11,2
150,7,1
150,2,2
150,19,1
151,8,2
152,8,13
153,2,1
153,6,1
153,7,1
154,7,1
155,7,1
156,6,1
156,10,1
156,7,1
157,6,2
157,5,2
157,7,1
158,6,2
159,8,5
160,8,10
161,8,2
162,7,1
163,7,1
164,6,1
164,7,1
165,8,1
165,1,1
167,6,2
167,8,10
169,8,7
170,1,1
170,8,2
171,7,1
172,6,2
172,7,1
173,5,2
173,7,1
174,6,2
174,8,6
174,11,1
175,7,1
176,8,4
177,2,1
177,14,1
177,8,5
178,7,1
179,8,12
180,6,1
180,8,16
180,11,1
181,8,9
182,8,1
183,11,5
184,2,1
184,7,1
184,11,2
185,6,2
185,7,1
186,2,1
186,7,1
187,10,1
187,11,53
188,7,1
189,6,2
189,8,6
190,8,6
191,8,11
194,7,1
195,7,1
195,11,4
196,7,1
197,6,2
197,8,9
166,7,1
166,14,1
199,2,1
200,7,1
201,7,1
201,2,1
203,8,8
204,8,8
204,11,2
205,8,11
205,1,1
206,14,1
206,7,1
207,11,1
207,7,1
209,11,1
211,8,7
213,8,9
214,8,20
215,8,11
216,8,6
217,7,1
218,7,1
219,11,4
221,11,2
225,2,1
226,2,1
227,5,2
227,2,1
228,6,2
231,1,1
231,7,1
233,7,1
234,8,13
235,8,10
236,14,1
236,8,5
240,7,1
241,7,1
242,2,1
242,7,1
243,2,1
243,8,12
244,9,2
244,12,1
244,8,14
245,8,19
246,1,1
246,11,1
247,7,1
248,7,1
248,9,1
248,11,1
249,7,1
250,7,1
250,11,1
251,7,1
251,2,1
252,7,1
252,11,2
253,7,1
253,11,4
253,9,1
254,1,1
254,8,8
254,9,2
255,9,1
256,7,1
257,8,3
257,11,1
258,8,6
258,11,3
260,7,1
261,8,12
262,7,1
263,8,9
264,8,2
265,7,1
266,6,1
266,8,2
267,8,2
267,10,1
268,8,4
268,11,1
269,7,1
229,6,2
232,11,1
229,2,1
232,7,1
270,8,11
271,7,1
272,7,1
273,6,2
273,8,6
274,8,5
275,7,1
277,7,1
278,7,1
279,8,23
279,11,1
281,8,2
282,8,14
282,11,1
283,7,1
283,11,4
284,8,5
285,8,2
287,14,1
287,5,2
288,7,1
288,11,1
289,6,1
290,8,16
291,9,2
292,7,1
293,7,1
294,7,1
296,9,9
297,8,9
298,2,2
298,7,1
298,11,10
299,2,1
299,7,1
300,7,1
307,7,1
308,8,5
309,5,1
310,10,1
311,8,3
312,8,3
314,8,3
315,8,6
316,7,1
317,7,1
318,1,1
318,11,1
318,2,2
318,11,19
319,1,1
319,8,5
319,7,1
321,8,8
323,1,2
323,8,6
324,8,4
325,8,13
326,1,1
326,8,10
326,11,1
327,11,2
328,8,4
328,11,3
329,11,2
330,11,2
331,7,1
332,7,1
332,2,1
333,6,2
333,7,1
333,12,2
334,7,1
335,8,15
337,8,2
337,11,1
338,2,1
338,7,1
339,2,3
339,9,1
345,6,1
345,7,1
345,11,1
346,7,1
347,7,1
348,12,1
348,7,1
351,7,1
354,7,1
355,6,2
355,8,3
357,1,1
357,11,4
358,2,1
358,7,1
358,11,2
359,2,2
359,7,1
360,11,1
362,8,12
363,8,9
364,8,2
366,1,1
366,11,5
367,1,6
367,2,2
367,7,1
368,6,4
368,7,1
368,11,3
369,2,1
370,7,1
371,8,2
372,8,4
372,11,2
373,11,3
373,7,1
374,7,1
375,8,9
376,2,1
376,7,1
377,8,1
378,8,1
379,1,1
379,8,1
380,1,1
380,8,18
380,11,1
381,1,1
382,7,1
383,8,11
385,2,1
385,7,1
386,6,2
386,7,1
387,11,5
387,8,7
388,6,1
388,1,1
388,7,1
389,8,10
390,1,1
390,7,1
391,1,1
391,7,1
391,11,3
392,6,1
393,1,1
393,7,1
394,7,1
395,7,1
397,6,1
397,8,9
398,5,2
400,9,1
401,1,1
401,6,2
401,2,1
401,7,1
402,7,1
402,10,1
404,8,1
404,6,2
406,8,10
407,7,1
407,11,3
408,7,1
409,7,1
410,8,7
411,8,12
412,8,4
413,2,2
413,7,1
413,1,1
414,7,1
415,8,4
416,8,21
417,8,3
418,7,1
418,11,5
421,11,1
423,2,1
424,2,1
425,11,1
426,2,1
426,11,3
428,11,2
429,7,1
430,7,1
431,7,1
432,7,1
433,7,1
434,7,1
435,5,2
436,8,17
436,9,1
437,7,1
438,8,2
439,2,1
439,7,1
440,2,1
440,7,1
441,8,3
441,11,1
443,1,5
444,5,3
444,7,1
445,8,18
446,6,1
446,8,16
446,11,2
447,7,1
448,7,1
449,7,1
450,7,1
451,7,1
451,12,1
452,7,1
452,2,1
454,7,1
455,8,3
457,2,1
457,7,1
458,7,1
459,19,1
459,8,5
460,8,4
460,9,1
461,2,1
461,7,1
461,11,2
463,8,23
464,7,1
465,1,1
465,7,1
465,11,3
466,7,1
467,7,1
468,8,4
469,6,1
469,7,1
470,8,8
471,6,2
471,8,2
473,6,2
473,8,7
475,7,1
476,2,1
476,1,1
476,8,2
477,7,1
478,7,1
478,11,1
479,7,1
479,11,1
480,6,1
480,7,1
480,12,1
481,8,10
482,1,2
483,7,1
484,6,1
484,8,13
485,8,3
486,8,8
488,12,1
488,11,1
489,8,3
489,9,1
490,2,1
490,8,11
490,9,1
491,8,16
493,8,1
493,9,1
494,7,1
495,2,1
495,7,1
496,6,2
497,8,14
499,7,1
500,8,9
501,2,1
501,1,1
501,7,1
502,8,11
503,6,2
503,2,1
503,7,1
504,6,2
504,7,1
505,8,2
506,8,9
507,14,1
507,4,1
507,11,1
507,7,1
508,1,1
508,4,1
508,7,1
508,12,1
509,5,2
509,9,1
509,12,1
510,6,2
511,7,1
512,7,1
513,8,6
514,7,1
515,7,1
517,8,9
518,7,1
520,8,11
521,2,1
521,8,6
522,6,2
523,8,2
524,8,5
525,8,36
525,1,1
525,11,8
526,7,1
527,2,1
527,7,1
528,8,5
529,7,1
530,8,4
531,8,10
532,8,15
533,8,4
534,7,1
534,2,1
536,8,6
537,1,3
537,7,1
538,6,1
538,2,1
538,7,1
539,8,15
540,8,6
541,8,3
542,8,6
542,9,1
542,12,1
544,7,1
544,11,3
545,8,5
546,8,11
548,8,8
549,1,5
549,5,1
550,6,1
550,8,11
551,1,7
552,7,1
553,7,1
553,6,2
554,2,2
554,7,1
555,7,1
556,8,4
557,7,1
557,11,1
557,12,1
558,6,1
558,7,1
558,11,7
559,8,4
560,8,5
561,8,13
562,7,1
562,11,6
563,7,1
564,8,15
565,8,3
566,8,5
567,8,16
568,1,1
568,5,6
568,7,1
569,8,6
570,7,1
570,12,1
571,8,5
572,6,2
572,7,1
573,8,3
574,7,1
575,6,2
575,8,4
576,7,1
577,7,1
578,8,8
578,11,1
579,11,3
580,8,13
580,5,2
581,6,1
581,7,1
582,8,13
583,7,1
584,7,1
585,5,4
585,7,2
586,8,2
587,7,1
588,8,4
589,8,1
589,6,2
590,6,1
590,7,1
591,6,2
591,7,1
593,8,2
594,7,1
595,7,1
595,9,3
596,8,2
597,8,5
598,8,1
599,8,5
601,2,1
601,7,1
603,2,1
603,1,1
603,7,1
604,8,4
605,8,4
605,10,1
606,1,1
606,11,1
606,7,1
607,6,1
607,8,13
608,14,1
608,2,1
608,7,1
609,8,9
610,8,1
612,7,1
613,5,2
613,7,1
614,8,12
615,8,3
616,2,1
616,8,12
617,2,2
617,7,1
617,11,1
618,2,2
618,6,2
618,7,1
619,5,2
620,8,16
621,2,1
621,5,2
621,8,4
622,1,1
622,7,1
623,7,1
624,7,1
625,8,6
625,11,1
626,2,1
627,2,1
627,1,1
627,8,14
628,7,1
629,8,4
630,9,1
630,7,1
631,8,6
632,8,5
633,6,2
636,8,3
637,8,9
637,11,1
639,8,4
645,11,1
645,8,6
646,6,1
646,7,1
647,8,3
647,6,2
648,8,2
649,8,2
650,8,11
651,11,25
651,10,6
652,7,1
653,7,1
654,7,1
655,7,1
656,8,8
657,8,19
657,9,1
659,7,1
660,5,1
660,8,1
660,11,2
661,6,1
661,7,1
663,12,1
664,7,1
665,5,3
665,8,4
667,7,1
668,6,1
668,1,1
668,8,6
668,7,1
668,11,4
669,8,1
671,2,1
671,7,1
672,2,1
672,7,1
673,6,1
673,8,16
674,9,1
678,2,1
679,2,1
680,1,1
680,7,1
682,6,1
682,7,1
687,7,1
688,8,9
689,8,7
691,7,1
692,7,1
694,7,1
696,8,5
697,8,5
699,7,1
700,8,9
700,11,3
701,7,1
701,11,1
702,1,1
702,2,1
703,2,1
703,8,4
704,7,1
705,8,3
706,11,1
707,11,1
708,8,2
708,11,2
710,7,1
711,6,2
711,7,1
712,7,1
713,7,1
714,8,10
719,6,2
720,8,6
721,1,1
721,8,20
723,7,1
724,8,7
725,8,7
726,2,1
727,2,1
727,8,3
728,8,10
729,6,1
729,7,1
730,8,5
731,8,4
732,7,1
734,7,1
735,2,1
735,8,3
736,7,1
739,7,1
740,7,1
741,7,1
742,7,1
742,6,1
742,14,1
743,19,1
744,8,3
745,7,1
746,14,1
746,11,1
746,8,16
747,2,1
747,7,1
748,14,1
748,7,1
749,7,1
750,7,1
751,7,1
752,7,1
752,11,3
753,2,1
753,8,12
754,8,10
755,8,8
756,8,3
757,6,1
757,14,1
757,7,1
758,14,1
758,7,1
759,7,1
760,8,10
761,8,15
762,7,1
763,8,10
764,7,1
765,1,1
765,8,12
766,8,14
767,12,1
767,7,1
768,6,1
768,8,7
769,1,1
769,6,1
769,7,1
770,2,3
770,7,1
771,1,1
771,2,1
771,7,1
772,2,2
772,7,1
773,6,1
774,8,4
775,7,1
778,6,2
778,7,1
779,8,20
780,8,12
781,11,1
781,8,3
782,7,1
783,8,13
786,7,1
786,11,1
788,14,1
788,2,1
788,7,1
789,8,11
790,7,1
791,14,1
791,6,2
791,8,3
792,8,1
793,8,7
794,7,1
795,7,1
796,7,1
797,7,1
799,11,1
800,6,2
800,8,4
801,8,1
802,8,12
802,11,1
803,7,1
803,11,1
807,2,2
807,7,1
810,7,1
811,6,2
811,7,1
812,8,7
813,8,2
814,8,7
815,8,6
816,8,4
817,8,9
822,7,1
822,1,2
825,8,15
825,11,1
827,6,1
827,2,2
827,7,1
827,12,1
828,6,2
828,7,1
829,8,10
831,8,2
832,7,1
833,2,1
833,8,1
835,8,16
836,8,4
837,8,3
838,14,1
838,2,1
838,7,1
839,7,1
840,1,5
840,8,8
840,11,1
843,5,2
843,7,1
844,8,9
847,5,2
848,8,7
849,7,1
849,11,3
850,2,1
850,8,1
851,7,1
852,7,1
852,2,1
853,7,1
857,11,2
858,7,1
859,7,1
861,5,2
861,7,1
862,8,10
866,8,4
867,8,15
868,8,2
869,14,1
869,7,1
870,8,3
871,7,1
872,7,1
873,2,1
873,7,1
874,7,1
875,8,17
876,8,16
877,8,8
879,2,1
879,7,1
880,7,1
881,7,1
881,12,1
882,8,4
883,7,1
883,11,11
884,7,1
885,7,1
886,7,1
886,11,4
887,8,14
888,8,6
889,14,1
890,8,14
890,11,1
891,8,6
892,8,6
892,11,2
893,8,13
893,5,2
894,8,6
895,6,3
895,7,1
895,11,3
896,7,1
897,7,1
898,7,1
899,8,19
900,11,1
901,7,1
902,8,6
903,1,4
904,6,3
904,11,1
904,7,1
905,6,2
905,7,1
906,6,1
906,8,10
907,8,10
908,8,16
909,8,3
910,5,2
910,8,10
911,7,1
913,2,1
913,8,2
913,9,1
917,6,2
918,6,2
918,2,1
918,9,1
919,6,1
919,11,2
921,7,1
922,7,1
923,8,17
924,7,1
925,6,2
925,7,1
926,7,1
927,7,1
927,6,1
928,8,8
929,2,2
929,7,1
930,8,8
931,7,1
932,8,8
933,8,5
934,8,2
937,8,6
940,8,7
941,8,19
942,7,1
943,2,1
943,7,1
943,11,1
944,14,1
945,8,3
945,11,1
946,1,2
946,6,2
946,7,1
947,2,1
947,7,1
947,11,2
948,8,23
948,9,1
950,8,2
950,9,1
951,6,2
951,2,1
951,8,2
952,7,1
953,7,1
954,8,4
955,7,1
956,7,1
957,8,3
958,6,2
962,7,1
963,7,1
964,2,1
964,8,9
965,7,1
967,2,1
967,8,3
971,8,1
971,9,1
973,6,1
973,11,1
974,2,1
974,7,1
974,12,1
975,7,1
976,7,1
976,9,1
977,7,1
978,7,1
982,7,1
983,6,2
984,8,17
985,7,1
986,2,1
986,7,1
987,2,1
987,5,2
987,8,8
990,5,1
990,8,12
991,2,1
991,8,23
994,2,1
995,11,4
996,11,1
996,10,1
998,1,2
998,11,1
999,7,1
1000,8,13
1001,2,1
1004,2,1
1004,34,2
1006,8,14
1007,8,1
1008,34,2
1009,7,1
1011,7,1
1012,8,3
1013,8,7
1015,34,1
1016,34,1
1017,7,1
1019,2,1
1020,1,1
1020,36,2
1022,12,1
1023,34,2
1028,8,6
1035,7,1
1036,8,5
1040,11,1
1040,8,4
1042,34,3
1043,12,1
1044,12,1
1045,9,1
1045,7,1
1050,2,1
1055,8,9
1056,8,3
1057,8,7
1063,12,1
1065,2,1
1065,8,5
1066,8,1
1080,35,1
1088,6,2
1088,2,1
1089,5,2
1094,8,6
1097,2,1
1098,1,4
1098,36,1
1099,1,6
1100,2,1
1107,12,1
1109,1,2
1110,8,8
1113,6,1
1116,1,1
1117,6,2
1117,8,2
1125,36,6
1126,6,1
1127,8,5
1128,14,1
1128,7,1
1128,11,1
1129,8,6
1130,7,1
1130,9,2
1131,5,2
1131,8,8
1131,11,2
1131,12,1
1132,8,4
1133,12,1
1135,11,4
1136,5,2
1136,7,1
1138,7,1
1138,6,2
1138,1,1
1139,7,1
1141,6,2
1141,8,7
1142,8,3
1143,8,1
1144,8,4
1145,4,3
1145,2,3
1146,8,8
1148,1,1
1148,6,2
1150,2,1
1150,8,9
1150,9,1
1151,8,10
1152,7,1
1153,7,1
1154,11,2
1155,2,1
1155,8,8
1156,8,5
1157,8,18
1157,11,1
1159,7,1
1160,7,1
1160,6,1
1160,11,1
1161,8,6
1163,2,1
1163,7,1
1164,5,2
1164,8,7
1165,8,13
1166,8,3
1167,7,1
1168,5,3
1168,12,1
1169,8,3
1169,11,1
1170,6,2
1170,8,8
1171,8,2
1172,8,9
1173,7,1
1174,7,1
1174,11,19
1175,8,3
1176,8,3
1176,1,1
1177,8,1
1180,8,5
1180,9,1
1182,1,1
1182,7,1
1183,2,1
1183,7,1
1185,7,1
1186,7,1
1188,1,1
1188,8,5
1188,11,1
1189,8,18
1190,7,1
1191,6,2
1192,7,1
1193,11,1
1194,7,1
1194,11,1
1195,6,1
1195,8,8
1196,7,1
1197,8,3
1199,6,1
1199,8,12
1199,11,3
1200,8,4
1201,8,5
1202,1,1
1203,8,4
1204,6,2
1204,8,4
1206,6,2
1206,11,2
1207,7,1
1208,8,10
1212,7,1
1214,7,1
1216,8,3
1217,8,2
1223,11,1
1224,7,1
1225,7,1
1226,8,1
1228,8,3
1229,7,1
1230,8,6
1231,6,2
1231,10,2
1231,2,1
1232,7,1
1233,7,1
1234,7,1
1234,10,1
1235,8,13
1237,12,1
1237,9,1
1238,8,7
1239,1,7
1240,1,1
1240,2,1
1240,11,4
1240,7,1
1242,2,1
1242,7,1
1243,6,1
1243,7,1
1245,8,2
1246,6,1
1246,7,1
1246,11,1
1247,2,1
1247,7,1
1248,7,1
1248,12,1
1249,8,3
1250,8,2
1250,12,1
1252,8,3
1253,7,1
1254,8,9
1257,11,1
1258,7,1
1260,7,1
1261,6,2
1261,8,5
1262,8,4
1263,7,1
1264,7,1
1265,1,1
1266,8,7
1267,1,1
1267,11,2
1267,8,2
1268,7,1
1269,6,2
1269,8,6
1270,7,1
1271,7,1
1272,8,9
1273,7,1
1274,7,1
1275,7,1
1276,7,1
1277,7,1
1277,12,1
1278,7,1
1279,7,1
1280,8,5
1281,6,2
1282,6,2
1282,7,1
1283,8,10
1284,7,1
1284,2,2
1284,11,1
1286,7,1
1287,6,1
1288,8,4
1289,9,2
1290,7,1
1291,7,1
1291,9,1
1291,2,6
1291,4,1
1291,16,1
1291,6,2
1291,14,1
1292,2,1
1292,8,9
1294,14,1
1294,8,4
1297,6,2
1297,7,1
1298,7,1
1301,7,1
1302,8,5
1303,7,1
1304,6,2
1305,7,1
1306,7,1
1306,4,1
1307,2,1
1307,7,1
1308,7,1
1309,8,2
1310,2,3
1311,1,7
1311,2,3
1311,17,1
1311,18,8
1312,6,2
1312,7,1
1314,7,1
1315,7,1
1316,8,11
1317,1,2
1317,8,11
1318,7,1
1318,15,2
1318,9,1
1319,8,3
1319,1,1
1320,7,1
1322,2,1
1324,2,1
1324,6,2
1324,7,1
1325,8,9
1326,5,3
1326,10,1
1327,8,3
1328,1,1
1328,7,1
1329,7,1
1330,8,5
1332,7,1
1333,8,11
1333,9,1
1336,7,1
1337,7,1
1338,7,1
1339,8,13
1341,7,1
1342,8,4
1342,11,1
1343,8,17
1344,7,1
1344,9,1
1346,8,2
1347,8,1
1347,15,3
1348,2,3
1348,7,1
1349,7,1
1349,15,1
1350,8,2
1350,10,1
1356,8,16
1357,2,1
1357,8,18
1358,8,5
1359,8,5
1360,1,1
1360,10,2
1360,8,5
1361,6,1
1361,8,9
1361,15,1
1361,10,2
1362,8,16
1363,8,5
1364,8,2
1365,1,1
1366,8,4
1372,8,11
1373,8,2
1373,10,1
1374,8,1
1375,4,1
1375,1,1
1375,2,1
1375,7,1
1376,1,1
1377,8,3
1378,8,2
1379,8,10
1380,1,1
1380,8,2
1381,6,1
1382,8,5
1383,7,1
1383,15,11
1385,7,1
1387,7,1
1388,7,1
1388,15,2
1389,7,1
1389,10,1
1390,8,13
1390,1,1
1392,8,3
1394,7,1
1395,7,1
1396,1,1
1396,7,1
1397,8,4
1398,7,1
1400,8,8
1401,8,5
1402,8,6
1403,6,1
1403,8,12
1404,7,1
1405,7,1
1405,6,2
1407,7,1
1407,1,1
1407,2,1
1408,6,1
1408,7,1
1408,15,1
1409,7,1
1410,7,1
1411,8,15
1414,8,14
1415,1,2
1415,15,5
1416,7,1
1417,7,1
1418,6,1
1418,2,1
1418,7,1
1419,8,2
1420,8,1
1422,7,1
1423,7,1
1424,8,10
1425,7,1
1426,8,2
1427,8,6
1428,7,1
1429,7,1
1432,8,5
1433,7,1
1434,8,2
1434,6,1
1435,7,1
1436,2,1
1437,11,1
1438,8,2
1439,11,5
1439,12,1
1441,7,1
1442,8,15
1443,8,1
1444,1,3
1445,7,1
1446,8,5
1447,8,19
1447,11,1
1449,2,1
1449,7,1
1450,7,1
1451,8,5
1452,4,1
1452,7,1
1453,11,2
1454,7,1
1455,7,1
1456,8,5
1457,2,1
1457,6,1
1457,7,1
1458,2,2
1458,5,3
1458,7,1
1458,15,1
1459,2,1
1459,8,6
1460,6,1
1460,2,1
1460,7,1
1462,2,1
1462,1,3
1462,15,1
1464,7,1
1465,8,2
1466,7,1
1466,11,2
1467,7,1
1468,7,1
1468,4,1
1468,2,1
1469,7,1
1469,2,1
1469,11,2
1469,9,1
1469,14,1
1470,8,9
1471,8,1
1471,11,2
1471,6,1
1472,8,1
1473,7,1
1474,7,1
1475,8,6
1475,6,2
1476,7,1
1477,8,7
1481,8,1
1482,8,5
1483,1,1
1483,7,1
1483,9,1
1484,7,1
1485,5,2
1485,7,1
1486,8,3
1487,8,19
1488,7,1
1489,7,1
1490,11,5
1491,6,2
1491,7,1
1492,8,8
1493,8,3
1494,8,15
1495,8,5
1495,11,2
1496,7,1
1498,7,1
1498,1,1
1499,8,15
1500,7,1
1500,2,1
1501,7,1
1501,1,4
1502,8,5
1503,7,1
1503,1,1
1504,8,8
1506,8,1
1507,8,2
1508,7,1
1509,7,1
1510,8,2
1511,8,2
1511,9,2
1513,12,1
1515,7,1
1515,9,1
1516,8,2
1517,8,21
1517,9,1
1518,7,1
1519,8,1
1520,7,1
1521,8,14
1523,4,1
1523,2,1
1523,7,1
1524,11,1
1525,7,1
1525,1,4
1526,7,1
1527,7,1
1528,7,1
1529,8,10
1530,8,5
1531,7,1
1532,7,1
1532,2,1
1532,9,1
1534,2,1
1534,9,1
1535,10,2
1536,6,2
1538,14,1
1538,2,1
1538,8,18
1539,7,1
1540,2,1
1540,7,1
1541,7,1
1541,1,2
1542,10,2
1543,7,1
1544,7,1
1544,6,2
1544,1,1
1545,8,6
1546,8,11
1547,8,6
1548,7,1
1549,7,1
1549,1,1
1550,8,10
1551,9,1
1552,8,4
1553,2,1
1553,7,1
1558,7,1
1559,7,1
1560,7,1
1560,9,2
1560,11,1
1561,8,11
1561,9,1
1562,7,1
1562,2,1
1563,6,1
1563,7,1
1564,7,1
1566,6,2
1566,8,2
1567,7,1
1568,7,1
1569,8,3
1570,6,2
1570,8,3
1571,7,1
1573,8,3
1575,11,7
1576,7,1
1577,8,16
1578,8,13
1579,2,1
1579,7,1
1580,2,1
1580,7,1
1581,8,26
1582,7,1
1583,7,1
1585,2,1
1585,7,1
1585,11,1
1586,6,2
1586,8,1
1587,7,1
1587,11,2
1588,8,8
1589,6,2
1589,8,13
1590,8,3
1591,1,1
1591,8,10
1593,2,1
1593,7,1
1594,8,8
1594,11,4
1595,7,1
1596,7,1
1598,2,1
1598,14,1
1598,7,1
1599,7,1
1600,8,1
1601,8,8
1602,7,1
1603,1,1
1603,7,1
1603,11,1
1604,12,1
1605,8,18
1606,2,1
1606,8,3
1607,8,6
1608,8,4
1609,7,1
1610,8,15
1611,8,10
1612,2,1
1612,8,12
1613,2,1
1613,8,2
1614,8,3
1615,2,1
1615,7,1
1616,2,1
1616,7,1
1617,7,1
1618,8,16
1618,15,1
1619,8,12
1620,14,1
1620,7,1
1620,1,1
1621,7,1
1622,7,1
1623,6,2
1623,8,20
1625,7,1
1627,8,3
1628,8,2
1630,7,1
1630,6,1
1631,8,2
1632,2,1
1632,7,1
1633,2,1
1633,5,2
1633,15,2
1633,7,1
1634,8,9
1635,7,1
1636,6,2
1636,1,2
1636,7,1
1637,8,22
1639,15,1
1640,2,1
1640,7,1
1641,1,1
1641,6,1
1642,8,13
1643,7,1
1643,9,1
1644,8,6
1645,15,2
1645,7,1
1646,1,1
1646,8,11
1646,15,1
1647,8,9
1648,7,1
1649,7,1
1649,15,1
1650,7,1
1651,6,1
1651,4,1
1651,8,5
1652,8,10
1652,15,1
1652,6,1
1653,7,1
1654,8,2
1656,8,5
1658,1,1
1658,6,2
1658,8,11
1659,2,1
1659,7,1
1659,9,1
1660,6,1
1660,8,1
1660,15,1
1661,4,1
1662,8,8
1663,8,17
1664,7,1
1665,8,1
1670,7,1
1671,8,3
1672,8,3
1673,7,1
1674,7,1
1674,15,2
1675,6,1
1675,4,1
1675,2,2
1675,7,1
1677,2,1
1677,8,8
1678,5,2
1678,8,6
1679,7,1
1680,8,3
1681,7,1
1681,11,2
1682,6,1
1682,7,1
1682,15,1
1683,7,1
1684,8,2
1685,8,8
1686,7,1
1687,7,1
1687,15,10
1688,8,2
1688,15,2
1689,8,8
1690,8,10
1691,8,8
1692,7,1
1693,8,15
1694,7,1
1695,8,2
1696,2,1
1696,5,2
1697,7,1
1698,7,1
1698,15,1
1699,8,18
1700,8,12
1701,7,1
1703,7,1
1703,2,1
1704,8,12
1705,8,4
1706,8,6
1707,8,7
1707,15,1
1708,7,1
1708,2,1
1709,8,5
1710,8,4
1711,8,3
1712,7,1
1713,8,9
1714,7,1
1715,7,1
1715,15,3
1716,8,14
1718,7,1
1719,7,1
1719,4,1
1720,6,2
1720,8,3
1721,2,1
1721,7,1
1721,15,2
1722,1,1
1722,7,1
1723,7,1
1724,7,1
1725,7,1
1726,8,9
1726,15,1
1727,6,1
1727,7,1
1727,15,3
1728,7,1
1729,8,3
1730,8,18
1731,8,7
1732,2,1
1732,7,1
1733,8,14
1734,7,1
1735,1,1
1735,8,3
1737,6,1
1738,8,12
1739,8,2
1740,8,10
1741,8,3
1742,8,1
1744,6,2
1745,7,1
1746,2,1
1746,7,1
1748,7,1
1749,7,1
1750,6,1
1750,1,1
1750,8,17
1751,8,8
1752,1,1
1752,8,2
1753,1,2
1753,8,12
1753,15,2
1754,8,2
1755,7,1
1757,7,1
1758,5,3
1759,8,20
1759,10,1
1759,1,1
1760,7,1
1761,7,1
1761,2,1
1761,15,2
1761,9,1
1762,8,19
1763,8,11
1763,15,3
1767,7,1
1767,1,1
1768,8,6
1769,7,1
1769,15,1
1770,7,1
1771,8,6
1771,15,1
1772,8,4
1772,4,1
1773,4,1
1773,8,4
1774,7,1
1775,2,2
1775,15,1
1776,7,1
1779,7,1
1780,7,1
1781,7,1
1782,8,17
1783,8,1
1784,8,5
1785,7,1
1785,6,1
1786,7,1
1786,11,1
1787,7,1
1787,15,4
1788,7,1
1789,7,1
1789,15,1
1790,8,4
1791,7,1
1792,7,1
1793,7,1
1794,2,1
1794,8,14
1794,15,5
1796,14,1
1797,2,1
1797,5,3
1797,7,1
1798,6,1
1798,8,8
1799,7,1
1799,10,1
1800,2,1
1800,5,2
1800,7,1
1801,8,3
1802,8,2
1803,2,1
1803,5,2
1803,7,1
1804,7,1
1805,8,16
1806,8,9
1806,15,2
1807,2,1
1807,7,1
1807,11,1
1808,2,1
1808,8,8
1809,2,1
1809,8,5
1810,8,7
1811,8,2
1812,4,1
1812,8,3
1814,7,1
1815,2,1
1815,7,1
1815,1,1
1817,7,1
1817,15,1
1818,8,8
1819,7,1
1820,6,1
1820,7,1
1821,8,10
1822,8,8
1823,1,1
1823,8,11
1824,7,1
1825,8,18
1826,7,1
1827,8,9
1828,8,6
1829,8,4
1830,8,3
1831,8,6
1832,4,1
1832,7,1
1834,8,9
1835,1,1
1835,7,1
1836,8,3
1837,2,1
1837,7,1
1838,8,2
1839,2,1
1839,7,1
1840,1,1
1840,2,2
1840,7,1
1840,15,1
1841,7,1
1842,6,1
1842,7,1
1843,1,3
1843,7,1
1844,6,1
1845,8,2
1846,1,2
1846,8,8
1847,7,1
1848,8,16
1849,8,2
1850,7,1
1851,8,4
1853,2,1
1853,7,1
1854,7,1
1855,8,2
1856,7,1
1857,7,1
1858,7,1
1858,4,1
1859,8,13
1859,15,1
1860,7,1
1861,7,1
1862,8,8
1863,8,18
1864,1,1
1864,6,2
1865,8,6
1865,15,2
1866,2,1
1866,7,1
1867,7,1
1868,2,1
1868,7,1
1869,7,1
1870,8,5
1871,8,5
1872,2,1
1872,6,2
1872,7,1
1873,1,1
1873,8,1
1873,7,1
1874,7,1
1874,6,2
1875,7,1
1875,4,1
1875,2,2
1875,1,1
1876,8,1
1877,8,9
1877,15,2
1878,7,1
1879,8,8
1880,7,1
1880,2,2
1881,4,1
1881,7,1
1882,7,1
1884,5,2
1884,8,14
1885,4,1
1885,7,1
1886,2,1
1887,8,13
1890,8,7
1891,2,1
1891,7,1
1892,1,1
1892,7,1
1893,1,3
1893,8,1
1893,15,1
1894,4,1
1894,2,1
1894,8,5
1895,5,1
1895,8,1
1895,15,1
1896,7,1
1897,7,1
1897,2,1
1898,1,5
1899,5,1
1900,7,1
1900,15,1
1901,8,14
1902,7,1
1903,7,1
1904,7,1
1905,1,1
1905,8,15
1906,14,1
1907,8,1
1908,2,1
1908,7,1
1908,15,10
1909,7,1
1910,7,1
1910,2,1
1911,8,2
1912,2,1
1912,7,1
1913,5,2
1913,7,1
1914,8,3
1915,8,4
1916,7,1
1916,15,1
1917,7,1
1918,8,3
1919,2,2
1919,7,1
1919,15,4
1920,7,1
1921,8,19
1923,1,1
1923,10,2
1923,8,8
1923,15,2
1924,1,1
1924,15,1
1924,8,1
1925,8,2
1926,8,15
1926,15,1
1927,7,1
1927,15,2
1928,8,4
1929,8,2
1929,15,1
1930,7,1
1931,8,2
1932,8,3
1933,8,1
1934,7,1
1934,15,1
1935,7,1
1935,1,1
1936,8,15
1937,2,1
1937,7,1
1938,7,1
1939,7,1
1940,7,1
1940,15,1
1941,8,3
1942,8,5
1944,2,1
1944,7,1
1944,15,2
1946,8,1
1947,7,1
1949,1,1
1949,7,1
1949,15,7
1950,6,1
1950,7,1
1951,7,1
1952,7,1
1953,1,2
1953,2,1
1953,7,1
1954,1,1
1954,8,9
1954,15,1
1956,8,12
1957,8,4
1958,2,2
1958,7,1
1959,7,1
1960,8,1
166,2,2
3,11,2
232,2,1
860,7,1
1975,1,1
1976,19,1
1977,1,1
1978,2,1
1991,1,1
2000,2,1
2000,1,1
2000,4,1
2000,6,1
2000,8,1
2001,15,1
2001,19,1
2002,1,1
2003,19,1
2004,27,1
2004,28,1
2004,25,1
2004,26,1
2004,32,1
2004,31,1
2004,29,1
2004,30,1
2008,1,1
2017,25,1
2017,26,1
2018,1,1
2032,7,1
2032,8,1
2034,17,1
2035,1,1
2035,3,1
2035,5,1
2036,2,1
2036,3,1
2040,16,1
2040,5,1
2041,25,1
2041,27,1
2042,34,1
2042,35,1
2042,36,1
2043,1,1
2043,2,1
2046,2,1
2046,1,1
2049,7,1
2049,8,1
2057,6,1
2057,7,1
2057,8,1
2057,11,1
2058,2,1
2058,7,1
2058,8,1
2058,11,1
2060,34,1
2063,7,1
2063,8,1
2064,6,1
2067,29,1
2067,31,1
