booking_id,customer_id,package_id,session_date,session_status
2,2036,2.0,2024-02-25 00:00:00+00:00,BOOKED
4,2037,2.0,2024-02-25 00:00:00+00:00,BOOKED
5,2038,2.0,2024-02-25 00:00:00+00:00,BOOKED
6,2039,3.0,2024-02-26 00:00:00+00:00,BOOKED
7,2040,3.0,2024-02-26 00:00:00+00:00,BOOKED
8,2041,5.0,2024-02-26 00:00:00+00:00,BOOKED
9,2042,5.0,2024-02-26 00:00:00+00:00,BOOKED
10,2043,3.0,2024-02-27 00:00:00+00:00,BOOKED
11,2044,2.0,2024-02-27 00:00:00+00:00,BOOKED
12,2045,3.0,2024-02-28 00:00:00+00:00,BOOKED
13,2046,2.0,2024-02-28 00:00:00+00:00,BOOKED
14,2046,3.0,2024-02-28 00:00:00+00:00,BOOKED
15,2047,4.0,2024-02-29 00:00:00+00:00,BOOKED
16,2048,3.0,2024-02-29 00:00:00+00:00,BOOKED
17,2049,2.0,2024-02-29 00:00:00+00:00,BOOKED
18,1495,2.0,2024-02-29 00:00:00+00:00,BOOKED
19,2050,2.0,2024-02-29 00:00:00+00:00,BOOKED
20,2051,1.0,2024-02-29 00:00:00+00:00,BOOKED
21,2052,5.0,2024-02-29 00:00:00+00:00,BOOKED
22,2053,2.0,2024-03-01 00:00:00+00:00,BOOKED
23,2054,2.0,2024-03-01 00:00:00+00:00,BOOKED
24,2055,3.0,2024-03-03 00:00:00+00:00,BOOKED
25,2248,3.0,2024-03-03 00:00:00+00:00,BOOKED
26,2056,3.0,2024-03-03 00:00:00+00:00,BOOKED
27,2057,3.0,2024-03-03 00:00:00+00:00,BOOKED
28,2058,2.0,2024-03-03 00:00:00+00:00,BOOKED
29,2059,3.0,2024-03-04 00:00:00+00:00,BOOKED
30,2060,3.0,2024-03-04 00:00:00+00:00,BOOKED
31,2061,3.0,2024-03-04 00:00:00+00:00,BOOKED
32,2062,3.0,2024-03-05 00:00:00+00:00,BOOKED
33,2063,3.0,2024-03-05 00:00:00+00:00,BOOKED
34,2064,2.0,2024-03-05 00:00:00+00:00,BOOKED
35,2065,3.0,2024-03-08 00:00:00+00:00,BOOKED
36,2066,2.0,2024-03-08 00:00:00+00:00,BOOKED
37,2067,3.0,2024-03-09 00:00:00+00:00,BOOKED
38,2068,2.0,2024-03-09 00:00:00+00:00,BOOKED
39,2069,2.0,2024-03-09 00:00:00+00:00,BOOKED
40,1153,3.0,2024-03-10 00:00:00+00:00,BOOKED
41,2070,3.0,2024-03-10 00:00:00+00:00,BOOKED
42,2071,2.0,2024-03-10 00:00:00+00:00,BOOKED
43,2072,2.0,2024-03-10 00:00:00+00:00,BOOKED
44,2073,2.0,2024-03-10 00:00:00+00:00,BOOKED
45,2074,2.0,2024-03-10 00:00:00+00:00,BOOKED
46,221,1.0,2024-03-10 00:00:00+00:00,BOOKED
47,2075,1.0,2024-03-11 00:00:00+00:00,BOOKED
48,2076,1.0,2024-03-11 00:00:00+00:00,BOOKED
49,2077,5.0,2024-03-11 00:00:00+00:00,BOOKED
50,2078,3.0,2024-03-12 00:00:00+00:00,BOOKED
51,1148,3.0,2024-03-12 00:00:00+00:00,BOOKED
52,2079,2.0,2024-03-16 00:00:00+00:00,BOOKED
53,2080,6.0,2024-03-16 00:00:00+00:00,BOOKED
54,2081,4.0,2024-03-17 00:00:00+00:00,BOOKED
55,43,3.0,2024-03-17 00:00:00+00:00,BOOKED
56,2082,2.0,2024-03-17 00:00:00+00:00,BOOKED
57,2083,1.0,2024-03-17 00:00:00+00:00,BOOKED
58,2084,3.0,2024-03-18 00:00:00+00:00,BOOKED
59,1243,3.0,2024-03-19 00:00:00+00:00,BOOKED
60,2084,2.0,2024-03-19 00:00:00+00:00,BOOKED
61,2085,6.0,2024-03-19 00:00:00+00:00,BOOKED
62,2086,4.0,2024-03-20 00:00:00+00:00,BOOKED
63,2087,3.0,2024-03-20 00:00:00+00:00,BOOKED
64,2088,3.0,2024-03-20 00:00:00+00:00,BOOKED
65,2089,3.0,2024-03-20 00:00:00+00:00,BOOKED
66,2090,2.0,2024-03-20 00:00:00+00:00,BOOKED
67,2091,6.0,2024-03-20 00:00:00+00:00,BOOKED
68,2092,4.0,2024-03-22 00:00:00+00:00,BOOKED
69,248,2.0,2024-03-22 00:00:00+00:00,BOOKED
70,1175,2.0,2024-03-22 00:00:00+00:00,BOOKED
71,2093,2.0,2024-03-22 00:00:00+00:00,BOOKED
72,2094,5.0,2024-03-22 00:00:00+00:00,BOOKED
73,2095,3.0,2024-03-23 00:00:00+00:00,BOOKED
74,2096,3.0,2024-03-23 00:00:00+00:00,BOOKED
75,2249,2.0,2024-03-23 00:00:00+00:00,BOOKED
76,2097,2.0,2024-03-23 00:00:00+00:00,BOOKED
77,2098,1.0,2024-03-23 00:00:00+00:00,BOOKED
78,2099,1.0,2024-03-23 00:00:00+00:00,BOOKED
79,2098,1.0,2024-03-23 00:00:00+00:00,BOOKED
80,2100,2.0,2024-03-24 00:00:00+00:00,BOOKED
81,2101,2.0,2024-03-24 00:00:00+00:00,BOOKED
82,2102,2.0,2024-03-24 00:00:00+00:00,BOOKED
83,848,2.0,2024-03-24 00:00:00+00:00,BOOKED
84,2103,2.0,2024-03-24 00:00:00+00:00,BOOKED
85,2104,2.0,2024-03-24 00:00:00+00:00,BOOKED
86,2105,2.0,2024-03-24 00:00:00+00:00,BOOKED
87,2250,2.0,2024-03-24 00:00:00+00:00,BOOKED
88,2106,3.0,2024-03-25 00:00:00+00:00,BOOKED
89,876,3.0,2024-03-26 00:00:00+00:00,BOOKED
90,1188,3.0,2024-03-26 00:00:00+00:00,BOOKED
91,2107,3.0,2024-03-26 00:00:00+00:00,BOOKED
92,2108,3.0,2024-03-26 00:00:00+00:00,BOOKED
93,270,1.0,2024-03-26 00:00:00+00:00,BOOKED
94,2108,6.0,2024-03-26 00:00:00+00:00,BOOKED
95,2109,3.0,2024-03-27 00:00:00+00:00,BOOKED
96,267,3.0,2024-03-27 00:00:00+00:00,BOOKED
97,1063,2.0,2024-03-27 00:00:00+00:00,BOOKED
98,2110,2.0,2024-03-27 00:00:00+00:00,BOOKED
99,2111,4.0,2024-03-30 00:00:00+00:00,BOOKED
100,172,4.0,2024-03-30 00:00:00+00:00,BOOKED
101,2112,3.0,2024-03-30 00:00:00+00:00,BOOKED
102,2113,2.0,2024-03-30 00:00:00+00:00,BOOKED
103,2114,1.0,2024-03-30 00:00:00+00:00,BOOKED
104,2094,5.0,2024-03-30 00:00:00+00:00,BOOKED
105,2115,3.0,2024-03-31 00:00:00+00:00,BOOKED
106,2116,3.0,2024-03-31 00:00:00+00:00,BOOKED
107,2117,3.0,2024-03-31 00:00:00+00:00,BOOKED
108,2118,1.0,2024-03-31 00:00:00+00:00,BOOKED
109,1063,5.0,2024-03-31 00:00:00+00:00,BOOKED
110,2119,3.0,2024-04-01 00:00:00+00:00,BOOKED
111,2251,2.0,2024-04-02 00:00:00+00:00,BOOKED
112,2120,2.0,2024-04-02 00:00:00+00:00,BOOKED
113,2101,2.0,2024-04-02 00:00:00+00:00,BOOKED
114,2121,2.0,2024-04-02 00:00:00+00:00,BOOKED
115,2121,2.0,2024-04-02 00:00:00+00:00,BOOKED
116,2122,2.0,2024-04-02 00:00:00+00:00,BOOKED
117,356,1.0,2024-04-02 00:00:00+00:00,BOOKED
118,2123,1.0,2024-04-02 00:00:00+00:00,BOOKED
119,2124,3.0,2024-04-03 00:00:00+00:00,BOOKED
120,2125,3.0,2024-04-03 00:00:00+00:00,BOOKED
121,2126,2.0,2024-04-03 00:00:00+00:00,BOOKED
122,2127,2.0,2024-04-04 00:00:00+00:00,BOOKED
123,2128,2.0,2024-04-06 00:00:00+00:00,BOOKED
124,1229,2.0,2024-04-06 00:00:00+00:00,BOOKED
125,2129,3.0,2024-04-07 00:00:00+00:00,BOOKED
126,594,3.0,2024-04-07 00:00:00+00:00,BOOKED
127,2130,6.0,2024-04-07 00:00:00+00:00,BOOKED
128,2131,5.0,2024-04-07 00:00:00+00:00,BOOKED
129,2132,3.0,2024-04-08 00:00:00+00:00,BOOKED
130,2133,2.0,2024-04-08 00:00:00+00:00,BOOKED
131,2132,5.0,2024-04-08 00:00:00+00:00,BOOKED
132,2135,4.0,2024-04-09 00:00:00+00:00,BOOKED
133,1045,3.0,2024-04-09 00:00:00+00:00,BOOKED
134,2136,2.0,2024-04-09 00:00:00+00:00,BOOKED
135,2137,2.0,2024-04-09 00:00:00+00:00,BOOKED
136,2138,5.0,2024-04-09 00:00:00+00:00,BOOKED
137,2135,4.0,2024-04-10 00:00:00+00:00,BOOKED
138,2252,2.0,2024-04-10 00:00:00+00:00,BOOKED
139,2139,2.0,2024-04-10 00:00:00+00:00,BOOKED
140,1189,2.0,2024-04-10 00:00:00+00:00,BOOKED
141,1507,2.0,2024-04-10 00:00:00+00:00,BOOKED
142,2140,2.0,2024-04-10 00:00:00+00:00,BOOKED
143,2141,6.0,2024-04-10 00:00:00+00:00,BOOKED
144,222,3.0,2024-04-11 00:00:00+00:00,BOOKED
145,2142,2.0,2024-04-11 00:00:00+00:00,BOOKED
146,2143,3.0,2024-04-12 00:00:00+00:00,BOOKED
147,2144,3.0,2024-04-12 00:00:00+00:00,BOOKED
148,2145,2.0,2024-04-12 00:00:00+00:00,BOOKED
149,2146,3.0,2024-04-13 00:00:00+00:00,BOOKED
150,2147,2.0,2024-04-13 00:00:00+00:00,BOOKED
151,2148,1.0,2024-04-13 00:00:00+00:00,BOOKED
152,1253,4.0,2024-04-14 00:00:00+00:00,BOOKED
153,1320,3.0,2024-04-14 00:00:00+00:00,BOOKED
154,1097,3.0,2024-04-14 00:00:00+00:00,BOOKED
155,2149,3.0,2024-04-14 00:00:00+00:00,BOOKED
156,2150,3.0,2024-04-14 00:00:00+00:00,BOOKED
157,1394,3.0,2024-04-14 00:00:00+00:00,BOOKED
158,2151,2.0,2024-04-14 00:00:00+00:00,BOOKED
159,2152,2.0,2024-04-14 00:00:00+00:00,BOOKED
160,2153,2.0,2024-04-14 00:00:00+00:00,BOOKED
161,2154,2.0,2024-04-15 00:00:00+00:00,BOOKED
162,2155,3.0,2024-04-16 00:00:00+00:00,BOOKED
163,2156,3.0,2024-04-16 00:00:00+00:00,BOOKED
164,849,3.0,2024-04-16 00:00:00+00:00,BOOKED
165,2157,2.0,2024-04-16 00:00:00+00:00,BOOKED
167,2158,1.0,2024-04-16 00:00:00+00:00,BOOKED
168,2159,4.0,2024-04-17 00:00:00+00:00,BOOKED
169,2160,3.0,2024-04-17 00:00:00+00:00,BOOKED
170,1400,2.0,2024-04-17 00:00:00+00:00,BOOKED
171,1296,2.0,2024-04-17 00:00:00+00:00,BOOKED
172,1281,4.0,2024-04-18 00:00:00+00:00,BOOKED
173,2161,4.0,2024-04-18 00:00:00+00:00,BOOKED
174,2162,3.0,2024-04-19 00:00:00+00:00,BOOKED
175,1290,4.0,2024-04-20 00:00:00+00:00,BOOKED
176,2163,2.0,2024-04-20 00:00:00+00:00,BOOKED
177,2164,5.0,2024-04-20 00:00:00+00:00,BOOKED
178,2165,3.0,2024-04-21 00:00:00+00:00,BOOKED
179,2166,3.0,2024-04-21 00:00:00+00:00,BOOKED
180,1084,2.0,2024-04-21 00:00:00+00:00,BOOKED
181,2167,2.0,2024-04-21 00:00:00+00:00,BOOKED
182,2168,2.0,2024-04-21 00:00:00+00:00,BOOKED
183,2169,6.0,2024-04-21 00:00:00+00:00,BOOKED
184,2170,3.0,2024-04-22 00:00:00+00:00,BOOKED
185,1285,3.0,2024-04-22 00:00:00+00:00,BOOKED
186,2171,2.0,2024-04-22 00:00:00+00:00,BOOKED
187,2172,2.0,2024-04-22 00:00:00+00:00,BOOKED
188,2173,2.0,2024-04-22 00:00:00+00:00,BOOKED
189,2253,5.0,2024-04-22 00:00:00+00:00,BOOKED
190,1319,5.0,2024-04-22 00:00:00+00:00,BOOKED
191,2174,2.0,2024-04-23 00:00:00+00:00,BOOKED
192,2175,4.0,2024-04-24 00:00:00+00:00,BOOKED
193,2176,2.0,2024-04-24 00:00:00+00:00,BOOKED
194,2177,2.0,2024-04-24 00:00:00+00:00,BOOKED
195,2178,5.0,2024-04-24 00:00:00+00:00,BOOKED
196,1777,3.0,2024-04-25 00:00:00+00:00,BOOKED
197,2179,2.0,2024-04-25 00:00:00+00:00,BOOKED
198,2180,3.0,2024-04-26 00:00:00+00:00,BOOKED
199,2181,3.0,2024-04-26 00:00:00+00:00,BOOKED
200,2182,3.0,2024-04-26 00:00:00+00:00,BOOKED
201,50,3.0,2024-04-26 00:00:00+00:00,BOOKED
202,2183,2.0,2024-04-26 00:00:00+00:00,BOOKED
203,2184,2.0,2024-04-26 00:00:00+00:00,BOOKED
204,2185,2.0,2024-04-26 00:00:00+00:00,BOOKED
205,2186,2.0,2024-04-26 00:00:00+00:00,BOOKED
206,2187,2.0,2024-04-26 00:00:00+00:00,BOOKED
207,2188,5.0,2024-04-26 00:00:00+00:00,BOOKED
208,2189,2.0,2024-04-27 00:00:00+00:00,BOOKED
209,1015,2.0,2024-04-27 00:00:00+00:00,BOOKED
210,2190,6.0,2024-04-27 00:00:00+00:00,BOOKED
211,2191,3.0,2024-04-28 00:00:00+00:00,BOOKED
212,2192,2.0,2024-04-28 00:00:00+00:00,BOOKED
213,2193,2.0,2024-04-28 00:00:00+00:00,BOOKED
214,2194,2.0,2024-04-28 00:00:00+00:00,BOOKED
215,2195,2.0,2024-04-28 00:00:00+00:00,BOOKED
216,2196,5.0,2024-04-28 00:00:00+00:00,BOOKED
217,2197,2.0,2024-04-29 00:00:00+00:00,BOOKED
218,2198,2.0,2024-04-30 00:00:00+00:00,BOOKED
219,2199,6.0,2024-04-30 00:00:00+00:00,BOOKED
221,7,3.0,2024-05-01 00:00:00+00:00,BOOKED
222,1094,2.0,2024-05-01 00:00:00+00:00,BOOKED
223,6,2.0,2024-05-01 00:00:00+00:00,BOOKED
224,9,2.0,2024-05-01 00:00:00+00:00,BOOKED
225,3,2.0,2024-05-01 00:00:00+00:00,BOOKED
226,10,2.0,2024-05-01 00:00:00+00:00,BOOKED
227,2,2.0,2024-05-01 00:00:00+00:00,BOOKED
228,4,1.0,2024-05-01 00:00:00+00:00,BOOKED
231,18,4.0,2024-05-02 00:00:00+00:00,BOOKED
233,2254,2.0,2024-05-02 00:00:00+00:00,BOOKED
234,12,2.0,2024-05-02 00:00:00+00:00,BOOKED
235,17,2.0,2024-05-02 00:00:00+00:00,BOOKED
236,19,2.0,2024-05-02 00:00:00+00:00,BOOKED
237,15,1.0,2024-05-02 00:00:00+00:00,BOOKED
238,13,6.0,2024-05-02 00:00:00+00:00,BOOKED
240,2255,5.0,2024-05-02 00:00:00+00:00,BOOKED
241,21,3.0,2024-05-03 00:00:00+00:00,BOOKED
242,26,2.0,2024-05-03 00:00:00+00:00,BOOKED
243,22,1.0,2024-05-03 00:00:00+00:00,BOOKED
244,24,1.0,2024-05-03 00:00:00+00:00,BOOKED
245,27,1.0,2024-05-03 00:00:00+00:00,BOOKED
246,23,6.0,2024-05-03 00:00:00+00:00,BOOKED
247,28,5.0,2024-05-03 00:00:00+00:00,BOOKED
248,25,5.0,2024-05-03 00:00:00+00:00,BOOKED
249,33,4.0,2024-05-04 00:00:00+00:00,BOOKED
250,30,4.0,2024-05-04 00:00:00+00:00,BOOKED
251,31,3.0,2024-05-04 00:00:00+00:00,BOOKED
252,38,3.0,2024-05-04 00:00:00+00:00,BOOKED
253,32,3.0,2024-05-04 00:00:00+00:00,BOOKED
254,36,2.0,2024-05-04 00:00:00+00:00,BOOKED
255,35,2.0,2024-05-04 00:00:00+00:00,BOOKED
256,34,2.0,2024-05-04 00:00:00+00:00,BOOKED
257,37,2.0,2024-05-04 00:00:00+00:00,BOOKED
258,29,1.0,2024-05-04 00:00:00+00:00,BOOKED
259,33,5.0,2024-05-04 00:00:00+00:00,BOOKED
260,43,3.0,2024-05-05 00:00:00+00:00,BOOKED
261,39,3.0,2024-05-05 00:00:00+00:00,BOOKED
262,46,2.0,2024-05-05 00:00:00+00:00,BOOKED
263,40,2.0,2024-05-05 00:00:00+00:00,BOOKED
264,44,2.0,2024-05-05 00:00:00+00:00,BOOKED
265,41,1.0,2024-05-05 00:00:00+00:00,BOOKED
266,45,5.0,2024-05-05 00:00:00+00:00,BOOKED
267,48,2.0,2024-05-06 00:00:00+00:00,BOOKED
268,47,2.0,2024-05-06 00:00:00+00:00,BOOKED
269,50,3.0,2024-05-07 00:00:00+00:00,BOOKED
270,49,2.0,2024-05-07 00:00:00+00:00,BOOKED
271,52,7.0,2024-05-08 00:00:00+00:00,BOOKED
272,51,3.0,2024-05-08 00:00:00+00:00,BOOKED
273,55,2.0,2024-05-08 00:00:00+00:00,BOOKED
274,53,2.0,2024-05-08 00:00:00+00:00,BOOKED
275,66,4.0,2024-05-09 00:00:00+00:00,BOOKED
276,62,3.0,2024-05-09 00:00:00+00:00,BOOKED
277,60,2.0,2024-05-09 00:00:00+00:00,BOOKED
278,64,2.0,2024-05-09 00:00:00+00:00,BOOKED
279,65,2.0,2024-05-09 00:00:00+00:00,BOOKED
280,2256,6.0,2024-05-09 00:00:00+00:00,BOOKED
229,1,5.0,2024-05-01 00:00:00+00:00,BOOKED
220,8,3.0,2024-05-01 00:00:00+00:00,BOOKED
239,16,6.0,2024-05-02 00:00:00+00:00,BOOKED
281,67,2.0,2024-05-10 00:00:00+00:00,BOOKED
282,69,2.0,2024-05-10 00:00:00+00:00,BOOKED
283,77,3.0,2024-05-12 00:00:00+00:00,BOOKED
284,71,2.0,2024-05-12 00:00:00+00:00,BOOKED
285,75,2.0,2024-05-12 00:00:00+00:00,BOOKED
286,2200,3.0,2024-05-12 00:00:00+00:00,BOOKED
287,72,6.0,2024-05-12 00:00:00+00:00,BOOKED
288,74,5.0,2024-05-12 00:00:00+00:00,BOOKED
289,76,5.0,2024-05-12 00:00:00+00:00,BOOKED
290,78,3.0,2024-05-13 00:00:00+00:00,BOOKED
291,2201,3.0,2024-05-14 00:00:00+00:00,BOOKED
292,91,2.0,2024-05-14 00:00:00+00:00,BOOKED
293,101,4.0,2024-05-15 00:00:00+00:00,BOOKED
294,97,2.0,2024-05-15 00:00:00+00:00,BOOKED
295,102,6.0,2024-05-15 00:00:00+00:00,BOOKED
296,96,6.0,2024-05-15 00:00:00+00:00,BOOKED
297,529,1.0,2024-05-16 00:00:00+00:00,BOOKED
298,118,3.0,2024-05-17 00:00:00+00:00,BOOKED
299,119,2.0,2024-05-17 00:00:00+00:00,BOOKED
300,2060,2.0,2024-05-17 00:00:00+00:00,BOOKED
301,121,1.0,2024-05-17 00:00:00+00:00,BOOKED
302,116,6.0,2024-05-17 00:00:00+00:00,BOOKED
303,117,6.0,2024-05-17 00:00:00+00:00,BOOKED
304,129,3.0,2024-05-18 00:00:00+00:00,BOOKED
305,128,8.0,2024-05-18 00:00:00+00:00,BOOKED
306,130,8.0,2024-05-18 00:00:00+00:00,BOOKED
307,2257,2.0,2024-05-18 00:00:00+00:00,BOOKED
308,124,2.0,2024-05-18 00:00:00+00:00,BOOKED
309,125,5.0,2024-05-18 00:00:00+00:00,BOOKED
310,137,4.0,2024-05-19 00:00:00+00:00,BOOKED
311,136,3.0,2024-05-19 00:00:00+00:00,BOOKED
312,138,3.0,2024-05-19 00:00:00+00:00,BOOKED
313,133,2.0,2024-05-19 00:00:00+00:00,BOOKED
314,139,2.0,2024-05-19 00:00:00+00:00,BOOKED
315,140,2.0,2024-05-19 00:00:00+00:00,BOOKED
316,132,5.0,2024-05-19 00:00:00+00:00,BOOKED
317,145,4.0,2024-05-20 00:00:00+00:00,BOOKED
318,143,6.0,2024-05-20 00:00:00+00:00,BOOKED
319,144,5.0,2024-05-20 00:00:00+00:00,BOOKED
320,2258,3.0,2024-05-21 00:00:00+00:00,BOOKED
321,153,3.0,2024-05-21 00:00:00+00:00,BOOKED
322,2259,2.0,2024-05-22 00:00:00+00:00,BOOKED
323,160,2.0,2024-05-22 00:00:00+00:00,BOOKED
324,161,2.0,2024-05-22 00:00:00+00:00,BOOKED
325,164,2.0,2024-05-22 00:00:00+00:00,BOOKED
326,163,5.0,2024-05-22 00:00:00+00:00,BOOKED
327,173,3.0,2024-05-23 00:00:00+00:00,BOOKED
328,172,3.0,2024-05-23 00:00:00+00:00,BOOKED
329,169,2.0,2024-05-23 00:00:00+00:00,BOOKED
330,2260,2.0,2024-05-23 00:00:00+00:00,BOOKED
331,166,2.0,2024-05-23 00:00:00+00:00,BOOKED
332,175,5.0,2024-05-23 00:00:00+00:00,BOOKED
333,176,5.0,2024-05-23 00:00:00+00:00,BOOKED
334,182,3.0,2024-05-24 00:00:00+00:00,BOOKED
335,186,2.0,2024-05-24 00:00:00+00:00,BOOKED
336,187,2.0,2024-05-24 00:00:00+00:00,BOOKED
337,180,1.0,2024-05-24 00:00:00+00:00,BOOKED
338,195,3.0,2024-05-25 00:00:00+00:00,BOOKED
339,189,8.0,2024-05-25 00:00:00+00:00,BOOKED
340,196,2.0,2024-05-25 00:00:00+00:00,BOOKED
341,191,5.0,2024-05-25 00:00:00+00:00,BOOKED
342,203,4.0,2024-05-26 00:00:00+00:00,BOOKED
343,198,3.0,2024-05-26 00:00:00+00:00,BOOKED
344,205,3.0,2024-05-26 00:00:00+00:00,BOOKED
345,2261,3.0,2024-05-26 00:00:00+00:00,BOOKED
346,200,1.0,2024-05-26 00:00:00+00:00,BOOKED
347,199,5.0,2024-05-26 00:00:00+00:00,BOOKED
348,2262,4.0,2024-05-27 00:00:00+00:00,BOOKED
349,212,3.0,2024-05-27 00:00:00+00:00,BOOKED
350,214,3.0,2024-05-27 00:00:00+00:00,BOOKED
351,2263,3.0,2024-05-27 00:00:00+00:00,BOOKED
352,2264,2.0,2024-05-27 00:00:00+00:00,BOOKED
353,2265,2.0,2024-05-27 00:00:00+00:00,BOOKED
354,2266,2.0,2024-05-27 00:00:00+00:00,BOOKED
355,215,2.0,2024-05-27 00:00:00+00:00,BOOKED
356,207,1.0,2024-05-27 00:00:00+00:00,BOOKED
357,2267,5.0,2024-05-27 00:00:00+00:00,BOOKED
358,227,4.0,2024-05-28 00:00:00+00:00,BOOKED
359,222,3.0,2024-05-28 00:00:00+00:00,BOOKED
360,228,3.0,2024-05-28 00:00:00+00:00,BOOKED
361,223,2.0,2024-05-28 00:00:00+00:00,BOOKED
362,2268,2.0,2024-05-28 00:00:00+00:00,BOOKED
363,221,2.0,2024-05-28 00:00:00+00:00,BOOKED
364,224,2.0,2024-05-28 00:00:00+00:00,BOOKED
365,229,1.0,2024-05-28 00:00:00+00:00,BOOKED
366,225,6.0,2024-05-28 00:00:00+00:00,BOOKED
367,231,3.0,2024-05-29 00:00:00+00:00,BOOKED
368,2269,3.0,2024-05-29 00:00:00+00:00,BOOKED
369,236,2.0,2024-05-29 00:00:00+00:00,BOOKED
370,235,2.0,2024-05-29 00:00:00+00:00,BOOKED
371,233,2.0,2024-05-29 00:00:00+00:00,BOOKED
372,234,1.0,2024-05-29 00:00:00+00:00,BOOKED
373,239,3.0,2024-05-30 00:00:00+00:00,BOOKED
374,245,3.0,2024-05-30 00:00:00+00:00,BOOKED
375,244,3.0,2024-05-30 00:00:00+00:00,BOOKED
376,241,2.0,2024-05-30 00:00:00+00:00,BOOKED
377,238,2.0,2024-05-30 00:00:00+00:00,BOOKED
378,246,4.0,2024-05-31 00:00:00+00:00,BOOKED
379,2270,3.0,2024-05-31 00:00:00+00:00,BOOKED
380,247,3.0,2024-05-31 00:00:00+00:00,BOOKED
381,248,2.0,2024-05-31 00:00:00+00:00,BOOKED
382,254,2.0,2024-05-31 00:00:00+00:00,BOOKED
383,250,2.0,2024-05-31 00:00:00+00:00,BOOKED
384,249,5.0,2024-05-31 00:00:00+00:00,BOOKED
385,255,2.0,2024-06-01 00:00:00+00:00,BOOKED
386,258,4.0,2024-06-02 00:00:00+00:00,BOOKED
387,259,3.0,2024-06-02 00:00:00+00:00,BOOKED
388,260,3.0,2024-06-02 00:00:00+00:00,BOOKED
389,261,3.0,2024-06-02 00:00:00+00:00,BOOKED
390,46,2.0,2024-06-02 00:00:00+00:00,BOOKED
391,262,2.0,2024-06-02 00:00:00+00:00,BOOKED
392,257,2.0,2024-06-02 00:00:00+00:00,BOOKED
393,147,2.0,2024-06-03 00:00:00+00:00,BOOKED
394,264,3.0,2024-06-04 00:00:00+00:00,BOOKED
395,2271,3.0,2024-06-04 00:00:00+00:00,BOOKED
396,2272,2.0,2024-06-04 00:00:00+00:00,BOOKED
397,263,2.0,2024-06-04 00:00:00+00:00,BOOKED
398,265,1.0,2024-06-04 00:00:00+00:00,BOOKED
399,269,8.0,2024-06-05 00:00:00+00:00,BOOKED
400,235,1.0,2024-06-05 00:00:00+00:00,BOOKED
401,270,1.0,2024-06-06 00:00:00+00:00,BOOKED
402,273,3.0,2024-06-07 00:00:00+00:00,BOOKED
403,272,2.0,2024-06-07 00:00:00+00:00,BOOKED
404,274,1.0,2024-06-07 00:00:00+00:00,BOOKED
405,271,6.0,2024-06-07 00:00:00+00:00,BOOKED
406,275,2.0,2024-06-08 00:00:00+00:00,BOOKED
407,276,5.0,2024-06-08 00:00:00+00:00,BOOKED
408,279,4.0,2024-06-09 00:00:00+00:00,BOOKED
409,277,3.0,2024-06-09 00:00:00+00:00,BOOKED
410,280,2.0,2024-06-09 00:00:00+00:00,BOOKED
411,2273,1.0,2024-06-09 00:00:00+00:00,BOOKED
412,281,3.0,2024-06-10 00:00:00+00:00,BOOKED
413,284,2.0,2024-06-10 00:00:00+00:00,BOOKED
414,287,4.0,2024-06-11 00:00:00+00:00,BOOKED
415,2274,2.0,2024-06-11 00:00:00+00:00,BOOKED
416,288,2.0,2024-06-11 00:00:00+00:00,BOOKED
417,114,2.0,2024-06-11 00:00:00+00:00,BOOKED
418,2275,5.0,2024-06-11 00:00:00+00:00,BOOKED
419,293,4.0,2024-06-12 00:00:00+00:00,BOOKED
420,295,4.0,2024-06-12 00:00:00+00:00,BOOKED
421,301,3.0,2024-06-12 00:00:00+00:00,BOOKED
422,290,2.0,2024-06-12 00:00:00+00:00,BOOKED
423,299,2.0,2024-06-12 00:00:00+00:00,BOOKED
424,300,2.0,2024-06-12 00:00:00+00:00,BOOKED
425,292,2.0,2024-06-12 00:00:00+00:00,BOOKED
426,2276,1.0,2024-06-12 00:00:00+00:00,BOOKED
427,675,5.0,2024-06-12 00:00:00+00:00,BOOKED
428,289,5.0,2024-06-12 00:00:00+00:00,BOOKED
429,303,3.0,2024-06-13 00:00:00+00:00,BOOKED
430,306,3.0,2024-06-13 00:00:00+00:00,BOOKED
431,308,3.0,2024-06-13 00:00:00+00:00,BOOKED
432,309,3.0,2024-06-13 00:00:00+00:00,BOOKED
433,310,3.0,2024-06-13 00:00:00+00:00,BOOKED
434,2277,3.0,2024-06-13 00:00:00+00:00,BOOKED
435,304,2.0,2024-06-13 00:00:00+00:00,BOOKED
436,302,2.0,2024-06-13 00:00:00+00:00,BOOKED
437,316,3.0,2024-06-14 00:00:00+00:00,BOOKED
438,317,3.0,2024-06-14 00:00:00+00:00,BOOKED
439,318,2.0,2024-06-14 00:00:00+00:00,BOOKED
440,319,2.0,2024-06-14 00:00:00+00:00,BOOKED
441,313,2.0,2024-06-14 00:00:00+00:00,BOOKED
442,315,6.0,2024-06-14 00:00:00+00:00,BOOKED
443,314,6.0,2024-06-14 00:00:00+00:00,BOOKED
444,324,3.0,2024-06-15 00:00:00+00:00,BOOKED
445,321,2.0,2024-06-15 00:00:00+00:00,BOOKED
446,322,1.0,2024-06-15 00:00:00+00:00,BOOKED
447,323,5.0,2024-06-15 00:00:00+00:00,BOOKED
448,328,3.0,2024-06-16 00:00:00+00:00,BOOKED
449,2278,3.0,2024-06-16 00:00:00+00:00,BOOKED
450,331,3.0,2024-06-16 00:00:00+00:00,BOOKED
451,326,2.0,2024-06-16 00:00:00+00:00,BOOKED
452,329,2.0,2024-06-16 00:00:00+00:00,BOOKED
453,2279,3.0,2024-06-17 00:00:00+00:00,BOOKED
454,336,3.0,2024-06-17 00:00:00+00:00,BOOKED
455,338,3.0,2024-06-17 00:00:00+00:00,BOOKED
456,337,2.0,2024-06-17 00:00:00+00:00,BOOKED
457,341,2.0,2024-06-17 00:00:00+00:00,BOOKED
458,334,2.0,2024-06-17 00:00:00+00:00,BOOKED
459,335,2.0,2024-06-17 00:00:00+00:00,BOOKED
460,340,2.0,2024-06-17 00:00:00+00:00,BOOKED
461,339,1.0,2024-06-17 00:00:00+00:00,BOOKED
462,332,5.0,2024-06-17 00:00:00+00:00,BOOKED
463,342,3.0,2024-06-18 00:00:00+00:00,BOOKED
464,343,1.0,2024-06-18 00:00:00+00:00,BOOKED
465,347,4.0,2024-06-19 00:00:00+00:00,BOOKED
466,2280,3.0,2024-06-19 00:00:00+00:00,BOOKED
467,345,3.0,2024-06-19 00:00:00+00:00,BOOKED
468,346,2.0,2024-06-19 00:00:00+00:00,BOOKED
469,352,3.0,2024-06-20 00:00:00+00:00,BOOKED
470,353,3.0,2024-06-20 00:00:00+00:00,BOOKED
471,349,2.0,2024-06-20 00:00:00+00:00,BOOKED
472,2281,1.0,2024-06-20 00:00:00+00:00,BOOKED
473,351,1.0,2024-06-20 00:00:00+00:00,BOOKED
474,350,5.0,2024-06-20 00:00:00+00:00,BOOKED
475,2282,4.0,2024-06-21 00:00:00+00:00,BOOKED
476,354,2.0,2024-06-21 00:00:00+00:00,BOOKED
477,317,3.0,2024-06-22 00:00:00+00:00,BOOKED
478,363,3.0,2024-06-22 00:00:00+00:00,BOOKED
479,364,3.0,2024-06-22 00:00:00+00:00,BOOKED
480,359,3.0,2024-06-22 00:00:00+00:00,BOOKED
481,361,3.0,2024-06-22 00:00:00+00:00,BOOKED
482,362,2.0,2024-06-22 00:00:00+00:00,BOOKED
483,360,2.0,2024-06-22 00:00:00+00:00,BOOKED
484,1485,2.0,2024-06-22 00:00:00+00:00,BOOKED
485,358,2.0,2024-06-22 00:00:00+00:00,BOOKED
486,366,4.0,2024-06-23 00:00:00+00:00,BOOKED
487,2283,3.0,2024-06-23 00:00:00+00:00,BOOKED
488,2284,3.0,2024-06-23 00:00:00+00:00,BOOKED
489,365,3.0,2024-06-23 00:00:00+00:00,BOOKED
490,370,2.0,2024-06-23 00:00:00+00:00,BOOKED
491,368,2.0,2024-06-23 00:00:00+00:00,BOOKED
492,371,4.0,2024-06-24 00:00:00+00:00,BOOKED
493,374,2.0,2024-06-24 00:00:00+00:00,BOOKED
494,373,1.0,2024-06-24 00:00:00+00:00,BOOKED
495,314,2.0,2024-06-25 00:00:00+00:00,BOOKED
496,377,2.0,2024-06-25 00:00:00+00:00,BOOKED
497,375,2.0,2024-06-25 00:00:00+00:00,BOOKED
498,378,6.0,2024-06-25 00:00:00+00:00,BOOKED
499,379,5.0,2024-06-26 00:00:00+00:00,BOOKED
500,380,2.0,2024-06-27 00:00:00+00:00,BOOKED
501,383,1.0,2024-06-27 00:00:00+00:00,BOOKED
502,381,1.0,2024-06-27 00:00:00+00:00,BOOKED
503,385,2.0,2024-06-28 00:00:00+00:00,BOOKED
504,386,2.0,2024-06-28 00:00:00+00:00,BOOKED
505,2285,2.0,2024-06-28 00:00:00+00:00,BOOKED
506,388,2.0,2024-06-28 00:00:00+00:00,BOOKED
507,391,4.0,2024-06-29 00:00:00+00:00,BOOKED
508,289,2.0,2024-06-29 00:00:00+00:00,BOOKED
509,389,2.0,2024-06-29 00:00:00+00:00,BOOKED
510,390,6.0,2024-06-29 00:00:00+00:00,BOOKED
511,395,3.0,2024-06-30 00:00:00+00:00,BOOKED
512,392,2.0,2024-06-30 00:00:00+00:00,BOOKED
513,394,2.0,2024-06-30 00:00:00+00:00,BOOKED
514,393,1.0,2024-06-30 00:00:00+00:00,BOOKED
515,399,3.0,2024-07-01 00:00:00+00:00,BOOKED
516,773,2.0,2024-07-01 00:00:00+00:00,BOOKED
517,397,2.0,2024-07-01 00:00:00+00:00,BOOKED
518,400,3.0,2024-07-02 00:00:00+00:00,BOOKED
519,403,2.0,2024-07-02 00:00:00+00:00,BOOKED
520,401,2.0,2024-07-02 00:00:00+00:00,BOOKED
521,406,2.0,2024-07-03 00:00:00+00:00,BOOKED
522,405,2.0,2024-07-03 00:00:00+00:00,BOOKED
523,407,2.0,2024-07-03 00:00:00+00:00,BOOKED
524,408,2.0,2024-07-03 00:00:00+00:00,BOOKED
525,404,2.0,2024-07-03 00:00:00+00:00,BOOKED
526,412,3.0,2024-07-04 00:00:00+00:00,BOOKED
527,411,2.0,2024-07-04 00:00:00+00:00,BOOKED
528,413,2.0,2024-07-04 00:00:00+00:00,BOOKED
529,414,4.0,2024-07-05 00:00:00+00:00,BOOKED
530,415,1.0,2024-07-05 00:00:00+00:00,BOOKED
531,272,2.0,2024-07-06 00:00:00+00:00,BOOKED
532,416,2.0,2024-07-06 00:00:00+00:00,BOOKED
533,417,1.0,2024-07-06 00:00:00+00:00,BOOKED
534,2202,3.0,2024-07-07 00:00:00+00:00,BOOKED
535,418,2.0,2024-07-07 00:00:00+00:00,BOOKED
536,424,2.0,2024-07-07 00:00:00+00:00,BOOKED
537,425,5.0,2024-07-07 00:00:00+00:00,BOOKED
538,928,5.0,2024-07-07 00:00:00+00:00,BOOKED
539,421,5.0,2024-07-07 00:00:00+00:00,BOOKED
540,2286,3.0,2024-07-08 00:00:00+00:00,BOOKED
541,2287,2.0,2024-07-08 00:00:00+00:00,BOOKED
542,428,2.0,2024-07-08 00:00:00+00:00,BOOKED
543,427,1.0,2024-07-08 00:00:00+00:00,BOOKED
544,434,3.0,2024-07-09 00:00:00+00:00,BOOKED
545,433,2.0,2024-07-09 00:00:00+00:00,BOOKED
546,435,3.0,2024-07-10 00:00:00+00:00,BOOKED
547,436,2.0,2024-07-10 00:00:00+00:00,BOOKED
548,437,2.0,2024-07-10 00:00:00+00:00,BOOKED
549,438,6.0,2024-07-11 00:00:00+00:00,BOOKED
550,439,3.0,2024-07-12 00:00:00+00:00,BOOKED
551,440,6.0,2024-07-12 00:00:00+00:00,BOOKED
552,442,4.0,2024-07-13 00:00:00+00:00,BOOKED
553,441,4.0,2024-07-13 00:00:00+00:00,BOOKED
554,446,2.0,2024-07-13 00:00:00+00:00,BOOKED
555,2288,2.0,2024-07-13 00:00:00+00:00,BOOKED
556,443,1.0,2024-07-13 00:00:00+00:00,BOOKED
557,2289,3.0,2024-07-14 00:00:00+00:00,BOOKED
558,451,3.0,2024-07-14 00:00:00+00:00,BOOKED
559,449,2.0,2024-07-14 00:00:00+00:00,BOOKED
560,448,2.0,2024-07-14 00:00:00+00:00,BOOKED
561,452,1.0,2024-07-14 00:00:00+00:00,BOOKED
562,447,5.0,2024-07-14 00:00:00+00:00,BOOKED
563,454,2.0,2024-07-15 00:00:00+00:00,BOOKED
564,453,1.0,2024-07-15 00:00:00+00:00,BOOKED
565,456,1.0,2024-07-15 00:00:00+00:00,BOOKED
566,460,2.0,2024-07-16 00:00:00+00:00,BOOKED
567,457,2.0,2024-07-16 00:00:00+00:00,BOOKED
568,459,5.0,2024-07-16 00:00:00+00:00,BOOKED
569,458,5.0,2024-07-16 00:00:00+00:00,BOOKED
570,462,3.0,2024-07-18 00:00:00+00:00,BOOKED
571,2290,2.0,2024-07-18 00:00:00+00:00,BOOKED
572,465,3.0,2024-07-19 00:00:00+00:00,BOOKED
573,466,2.0,2024-07-19 00:00:00+00:00,BOOKED
574,467,3.0,2024-07-20 00:00:00+00:00,BOOKED
575,469,2.0,2024-07-20 00:00:00+00:00,BOOKED
576,1133,1.0,2024-07-20 00:00:00+00:00,BOOKED
577,2291,3.0,2024-07-21 00:00:00+00:00,BOOKED
578,472,3.0,2024-07-21 00:00:00+00:00,BOOKED
579,471,2.0,2024-07-21 00:00:00+00:00,BOOKED
580,473,2.0,2024-07-21 00:00:00+00:00,BOOKED
581,474,4.0,2024-07-22 00:00:00+00:00,BOOKED
582,388,2.0,2024-07-22 00:00:00+00:00,BOOKED
583,2203,3.0,2024-07-26 00:00:00+00:00,BOOKED
584,2266,3.0,2024-07-26 00:00:00+00:00,BOOKED
585,2292,3.0,2024-07-26 00:00:00+00:00,BOOKED
586,479,1.0,2024-07-26 00:00:00+00:00,BOOKED
587,2293,3.0,2024-07-27 00:00:00+00:00,BOOKED
588,484,2.0,2024-07-27 00:00:00+00:00,BOOKED
589,483,2.0,2024-07-27 00:00:00+00:00,BOOKED
590,485,3.0,2024-07-29 00:00:00+00:00,BOOKED
591,486,3.0,2024-07-30 00:00:00+00:00,BOOKED
592,489,3.0,2024-08-01 00:00:00+00:00,BOOKED
593,487,2.0,2024-08-01 00:00:00+00:00,BOOKED
594,488,5.0,2024-08-01 00:00:00+00:00,BOOKED
595,491,4.0,2024-08-02 00:00:00+00:00,BOOKED
596,490,2.0,2024-08-02 00:00:00+00:00,BOOKED
597,492,2.0,2024-08-02 00:00:00+00:00,BOOKED
598,493,2.0,2024-08-02 00:00:00+00:00,BOOKED
599,494,2.0,2024-08-02 00:00:00+00:00,BOOKED
600,495,4.0,2024-08-03 00:00:00+00:00,BOOKED
601,498,3.0,2024-08-03 00:00:00+00:00,BOOKED
602,408,2.0,2024-08-03 00:00:00+00:00,BOOKED
603,497,2.0,2024-08-03 00:00:00+00:00,BOOKED
604,496,2.0,2024-08-03 00:00:00+00:00,BOOKED
605,499,2.0,2024-08-04 00:00:00+00:00,BOOKED
606,503,3.0,2024-08-05 00:00:00+00:00,BOOKED
607,501,3.0,2024-08-05 00:00:00+00:00,BOOKED
608,502,5.0,2024-08-05 00:00:00+00:00,BOOKED
609,504,2.0,2024-08-06 00:00:00+00:00,BOOKED
610,505,2.0,2024-08-07 00:00:00+00:00,BOOKED
611,506,3.0,2024-08-08 00:00:00+00:00,BOOKED
612,509,3.0,2024-08-08 00:00:00+00:00,BOOKED
613,508,2.0,2024-08-08 00:00:00+00:00,BOOKED
614,507,2.0,2024-08-08 00:00:00+00:00,BOOKED
615,510,2.0,2024-08-08 00:00:00+00:00,BOOKED
616,512,2.0,2024-08-09 00:00:00+00:00,BOOKED
617,511,1.0,2024-08-09 00:00:00+00:00,BOOKED
618,2294,3.0,2024-08-10 00:00:00+00:00,BOOKED
619,2295,3.0,2024-08-10 00:00:00+00:00,BOOKED
620,513,1.0,2024-08-10 00:00:00+00:00,BOOKED
621,523,2.0,2024-08-11 00:00:00+00:00,BOOKED
622,519,3.0,2024-08-11 00:00:00+00:00,BOOKED
623,2204,3.0,2024-08-11 00:00:00+00:00,BOOKED
624,518,3.0,2024-08-11 00:00:00+00:00,BOOKED
625,516,3.0,2024-08-11 00:00:00+00:00,BOOKED
626,524,2.0,2024-08-11 00:00:00+00:00,BOOKED
627,522,2.0,2024-08-11 00:00:00+00:00,BOOKED
628,520,2.0,2024-08-11 00:00:00+00:00,BOOKED
629,521,2.0,2024-08-11 00:00:00+00:00,BOOKED
630,525,3.0,2024-08-12 00:00:00+00:00,BOOKED
631,527,3.0,2024-08-13 00:00:00+00:00,BOOKED
632,526,2.0,2024-08-13 00:00:00+00:00,BOOKED
633,531,3.0,2024-08-15 00:00:00+00:00,BOOKED
634,2296,2.0,2024-08-15 00:00:00+00:00,BOOKED
635,528,2.0,2024-08-15 00:00:00+00:00,BOOKED
636,533,1.0,2024-08-15 00:00:00+00:00,BOOKED
637,534,3.0,2024-08-16 00:00:00+00:00,BOOKED
638,535,1.0,2024-08-16 00:00:00+00:00,BOOKED
639,536,5.0,2024-08-16 00:00:00+00:00,BOOKED
640,539,3.0,2024-08-17 00:00:00+00:00,BOOKED
641,538,2.0,2024-08-17 00:00:00+00:00,BOOKED
642,540,2.0,2024-08-17 00:00:00+00:00,BOOKED
643,115,2.0,2024-08-17 00:00:00+00:00,BOOKED
644,2297,1.0,2024-08-17 00:00:00+00:00,BOOKED
645,543,4.0,2024-08-18 00:00:00+00:00,BOOKED
646,2298,3.0,2024-08-18 00:00:00+00:00,BOOKED
647,546,3.0,2024-08-18 00:00:00+00:00,BOOKED
648,544,2.0,2024-08-18 00:00:00+00:00,BOOKED
649,2205,2.0,2024-08-18 00:00:00+00:00,BOOKED
650,548,2.0,2024-08-18 00:00:00+00:00,BOOKED
651,542,6.0,2024-08-18 00:00:00+00:00,BOOKED
652,549,4.0,2024-08-19 00:00:00+00:00,BOOKED
653,550,3.0,2024-08-19 00:00:00+00:00,BOOKED
654,551,3.0,2024-08-20 00:00:00+00:00,BOOKED
655,2206,4.0,2024-08-21 00:00:00+00:00,BOOKED
656,552,2.0,2024-08-21 00:00:00+00:00,BOOKED
657,2299,2.0,2024-08-21 00:00:00+00:00,BOOKED
658,553,6.0,2024-08-21 00:00:00+00:00,BOOKED
659,2300,3.0,2024-08-23 00:00:00+00:00,BOOKED
660,556,2.0,2024-08-23 00:00:00+00:00,BOOKED
661,558,3.0,2024-08-24 00:00:00+00:00,BOOKED
662,560,2.0,2024-08-24 00:00:00+00:00,BOOKED
663,561,2.0,2024-08-24 00:00:00+00:00,BOOKED
664,565,3.0,2024-08-25 00:00:00+00:00,BOOKED
665,564,3.0,2024-08-25 00:00:00+00:00,BOOKED
666,562,2.0,2024-08-25 00:00:00+00:00,BOOKED
667,563,2.0,2024-08-25 00:00:00+00:00,BOOKED
668,567,4.0,2024-08-26 00:00:00+00:00,BOOKED
669,566,4.0,2024-08-26 00:00:00+00:00,BOOKED
670,568,2.0,2024-08-26 00:00:00+00:00,BOOKED
671,25,2.0,2024-08-26 00:00:00+00:00,BOOKED
672,570,2.0,2024-08-27 00:00:00+00:00,BOOKED
673,569,2.0,2024-08-27 00:00:00+00:00,BOOKED
674,2301,3.0,2024-08-30 00:00:00+00:00,BOOKED
675,574,2.0,2024-08-30 00:00:00+00:00,BOOKED
676,575,2.0,2024-08-30 00:00:00+00:00,BOOKED
677,576,2.0,2024-08-30 00:00:00+00:00,BOOKED
678,573,2.0,2024-08-30 00:00:00+00:00,BOOKED
679,2302,2.0,2024-08-30 00:00:00+00:00,BOOKED
680,580,3.0,2024-08-31 00:00:00+00:00,BOOKED
681,582,2.0,2024-08-31 00:00:00+00:00,BOOKED
682,583,2.0,2024-08-31 00:00:00+00:00,BOOKED
683,2207,1.0,2024-08-31 00:00:00+00:00,BOOKED
684,169,1.0,2024-08-31 00:00:00+00:00,BOOKED
685,586,3.0,2024-09-01 00:00:00+00:00,BOOKED
686,589,3.0,2024-09-01 00:00:00+00:00,BOOKED
687,1634,2.0,2024-09-01 00:00:00+00:00,BOOKED
688,2303,2.0,2024-09-01 00:00:00+00:00,BOOKED
689,588,2.0,2024-09-01 00:00:00+00:00,BOOKED
690,2304,6.0,2024-09-01 00:00:00+00:00,BOOKED
691,591,2.0,2024-09-03 00:00:00+00:00,BOOKED
692,592,2.0,2024-09-06 00:00:00+00:00,BOOKED
693,598,3.0,2024-09-07 00:00:00+00:00,BOOKED
694,2305,3.0,2024-09-07 00:00:00+00:00,BOOKED
695,2306,2.0,2024-09-07 00:00:00+00:00,BOOKED
696,593,2.0,2024-09-07 00:00:00+00:00,BOOKED
697,594,2.0,2024-09-07 00:00:00+00:00,BOOKED
698,84,2.0,2024-09-09 00:00:00+00:00,BOOKED
699,599,2.0,2024-09-09 00:00:00+00:00,BOOKED
700,600,2.0,2024-09-09 00:00:00+00:00,BOOKED
701,607,3.0,2024-09-10 00:00:00+00:00,BOOKED
702,606,2.0,2024-09-10 00:00:00+00:00,BOOKED
703,610,2.0,2024-09-12 00:00:00+00:00,BOOKED
704,611,2.0,2024-09-12 00:00:00+00:00,BOOKED
705,2208,1.0,2024-09-12 00:00:00+00:00,BOOKED
706,612,6.0,2024-09-12 00:00:00+00:00,BOOKED
707,613,3.0,2024-09-13 00:00:00+00:00,BOOKED
708,2307,2.0,2024-09-13 00:00:00+00:00,BOOKED
709,615,6.0,2024-09-13 00:00:00+00:00,BOOKED
710,2308,4.0,2024-09-14 00:00:00+00:00,BOOKED
711,617,4.0,2024-09-14 00:00:00+00:00,BOOKED
712,620,3.0,2024-09-14 00:00:00+00:00,BOOKED
713,621,3.0,2024-09-14 00:00:00+00:00,BOOKED
714,619,3.0,2024-09-14 00:00:00+00:00,BOOKED
715,37,2.0,2024-09-15 00:00:00+00:00,BOOKED
716,2309,2.0,2024-09-15 00:00:00+00:00,BOOKED
717,622,2.0,2024-09-15 00:00:00+00:00,BOOKED
718,623,2.0,2024-09-15 00:00:00+00:00,BOOKED
719,624,2.0,2024-09-15 00:00:00+00:00,BOOKED
720,625,2.0,2024-09-15 00:00:00+00:00,BOOKED
721,263,3.0,2024-09-16 00:00:00+00:00,BOOKED
722,628,2.0,2024-09-16 00:00:00+00:00,BOOKED
723,632,2.0,2024-09-16 00:00:00+00:00,BOOKED
724,631,2.0,2024-09-16 00:00:00+00:00,BOOKED
725,627,1.0,2024-09-16 00:00:00+00:00,BOOKED
726,634,2.0,2024-09-17 00:00:00+00:00,BOOKED
727,2310,2.0,2024-09-17 00:00:00+00:00,BOOKED
728,635,2.0,2024-09-17 00:00:00+00:00,BOOKED
729,640,3.0,2024-09-18 00:00:00+00:00,BOOKED
730,637,2.0,2024-09-18 00:00:00+00:00,BOOKED
731,2311,2.0,2024-09-18 00:00:00+00:00,BOOKED
732,641,3.0,2024-09-19 00:00:00+00:00,BOOKED
733,642,2.0,2024-09-19 00:00:00+00:00,BOOKED
734,643,2.0,2024-09-19 00:00:00+00:00,BOOKED
735,636,1.0,2024-09-19 00:00:00+00:00,BOOKED
736,646,2.0,2024-09-20 00:00:00+00:00,BOOKED
737,647,2.0,2024-09-21 00:00:00+00:00,BOOKED
738,2312,2.0,2024-09-21 00:00:00+00:00,BOOKED
739,648,2.0,2024-09-21 00:00:00+00:00,BOOKED
740,650,4.0,2024-09-22 00:00:00+00:00,BOOKED
741,651,3.0,2024-09-22 00:00:00+00:00,BOOKED
742,654,3.0,2024-09-22 00:00:00+00:00,BOOKED
743,653,3.0,2024-09-22 00:00:00+00:00,BOOKED
744,652,2.0,2024-09-22 00:00:00+00:00,BOOKED
745,655,3.0,2024-09-23 00:00:00+00:00,BOOKED
746,346,2.0,2024-09-23 00:00:00+00:00,BOOKED
747,383,1.0,2024-09-23 00:00:00+00:00,BOOKED
748,2313,4.0,2024-09-25 00:00:00+00:00,BOOKED
749,656,3.0,2024-09-25 00:00:00+00:00,BOOKED
750,658,2.0,2024-09-25 00:00:00+00:00,BOOKED
751,2314,2.0,2024-09-26 00:00:00+00:00,BOOKED
752,660,2.0,2024-09-26 00:00:00+00:00,BOOKED
753,664,2.0,2024-09-27 00:00:00+00:00,BOOKED
754,661,2.0,2024-09-27 00:00:00+00:00,BOOKED
755,662,2.0,2024-09-27 00:00:00+00:00,BOOKED
756,2315,2.0,2024-09-27 00:00:00+00:00,BOOKED
757,2316,3.0,2024-09-28 00:00:00+00:00,BOOKED
758,666,3.0,2024-09-28 00:00:00+00:00,BOOKED
759,2317,3.0,2024-09-29 00:00:00+00:00,BOOKED
760,667,3.0,2024-09-29 00:00:00+00:00,BOOKED
761,2318,3.0,2024-09-29 00:00:00+00:00,BOOKED
762,670,2.0,2024-09-29 00:00:00+00:00,BOOKED
763,671,2.0,2024-09-29 00:00:00+00:00,BOOKED
764,2319,1.0,2024-09-29 00:00:00+00:00,BOOKED
765,673,2.0,2024-10-01 00:00:00+00:00,BOOKED
766,677,3.0,2024-10-02 00:00:00+00:00,BOOKED
767,675,2.0,2024-10-02 00:00:00+00:00,BOOKED
768,676,2.0,2024-10-02 00:00:00+00:00,BOOKED
769,678,2.0,2024-10-03 00:00:00+00:00,BOOKED
770,144,4.0,2024-10-04 00:00:00+00:00,BOOKED
771,681,3.0,2024-10-04 00:00:00+00:00,BOOKED
772,679,2.0,2024-10-04 00:00:00+00:00,BOOKED
773,680,2.0,2024-10-04 00:00:00+00:00,BOOKED
774,2320,1.0,2024-10-04 00:00:00+00:00,BOOKED
775,690,4.0,2024-10-05 00:00:00+00:00,BOOKED
776,2321,3.0,2024-10-05 00:00:00+00:00,BOOKED
777,689,3.0,2024-10-05 00:00:00+00:00,BOOKED
778,685,3.0,2024-10-05 00:00:00+00:00,BOOKED
779,686,3.0,2024-10-05 00:00:00+00:00,BOOKED
780,688,3.0,2024-10-05 00:00:00+00:00,BOOKED
781,684,1.0,2024-10-05 00:00:00+00:00,BOOKED
782,695,4.0,2024-10-06 00:00:00+00:00,BOOKED
783,2322,4.0,2024-10-06 00:00:00+00:00,BOOKED
784,691,3.0,2024-10-06 00:00:00+00:00,BOOKED
785,2323,3.0,2024-10-06 00:00:00+00:00,BOOKED
786,692,3.0,2024-10-06 00:00:00+00:00,BOOKED
787,693,2.0,2024-10-06 00:00:00+00:00,BOOKED
788,502,2.0,2024-10-06 00:00:00+00:00,BOOKED
789,2324,1.0,2024-10-06 00:00:00+00:00,BOOKED
790,701,3.0,2024-10-07 00:00:00+00:00,BOOKED
791,700,3.0,2024-10-07 00:00:00+00:00,BOOKED
792,699,2.0,2024-10-07 00:00:00+00:00,BOOKED
793,702,2.0,2024-10-08 00:00:00+00:00,BOOKED
794,703,3.0,2024-10-09 00:00:00+00:00,BOOKED
795,704,5.0,2024-10-09 00:00:00+00:00,BOOKED
796,707,3.0,2024-10-10 00:00:00+00:00,BOOKED
797,708,3.0,2024-10-10 00:00:00+00:00,BOOKED
798,709,2.0,2024-10-10 00:00:00+00:00,BOOKED
799,710,2.0,2024-10-10 00:00:00+00:00,BOOKED
800,713,2.0,2024-10-10 00:00:00+00:00,BOOKED
801,2325,2.0,2024-10-10 00:00:00+00:00,BOOKED
802,706,1.0,2024-10-10 00:00:00+00:00,BOOKED
803,712,5.0,2024-10-10 00:00:00+00:00,BOOKED
804,716,3.0,2024-10-11 00:00:00+00:00,BOOKED
805,131,2.0,2024-10-11 00:00:00+00:00,BOOKED
806,717,2.0,2024-10-11 00:00:00+00:00,BOOKED
807,715,2.0,2024-10-11 00:00:00+00:00,BOOKED
808,2326,1.0,2024-10-11 00:00:00+00:00,BOOKED
810,722,2.0,2024-10-12 00:00:00+00:00,BOOKED
811,723,2.0,2024-10-12 00:00:00+00:00,BOOKED
812,718,2.0,2024-10-12 00:00:00+00:00,BOOKED
813,719,2.0,2024-10-12 00:00:00+00:00,BOOKED
814,720,2.0,2024-10-12 00:00:00+00:00,BOOKED
815,721,2.0,2024-10-12 00:00:00+00:00,BOOKED
816,493,2.0,2024-10-12 00:00:00+00:00,BOOKED
817,728,3.0,2024-10-13 00:00:00+00:00,BOOKED
818,726,2.0,2024-10-13 00:00:00+00:00,BOOKED
819,729,2.0,2024-10-13 00:00:00+00:00,BOOKED
820,730,2.0,2024-10-13 00:00:00+00:00,BOOKED
821,732,2.0,2024-10-13 00:00:00+00:00,BOOKED
822,733,2.0,2024-10-13 00:00:00+00:00,BOOKED
823,725,1.0,2024-10-13 00:00:00+00:00,BOOKED
824,2327,1.0,2024-10-13 00:00:00+00:00,BOOKED
825,727,1.0,2024-10-13 00:00:00+00:00,BOOKED
826,724,6.0,2024-10-13 00:00:00+00:00,BOOKED
827,736,4.0,2024-10-14 00:00:00+00:00,BOOKED
828,732,3.0,2024-10-14 00:00:00+00:00,BOOKED
829,734,2.0,2024-10-14 00:00:00+00:00,BOOKED
830,735,1.0,2024-10-14 00:00:00+00:00,BOOKED
831,737,3.0,2024-10-15 00:00:00+00:00,BOOKED
832,738,2.0,2024-10-16 00:00:00+00:00,BOOKED
833,739,2.0,2024-10-17 00:00:00+00:00,BOOKED
834,742,3.0,2024-10-18 00:00:00+00:00,BOOKED
835,2328,3.0,2024-10-18 00:00:00+00:00,BOOKED
836,743,2.0,2024-10-18 00:00:00+00:00,BOOKED
837,744,1.0,2024-10-18 00:00:00+00:00,BOOKED
838,2329,5.0,2024-10-18 00:00:00+00:00,BOOKED
839,746,3.0,2024-10-19 00:00:00+00:00,BOOKED
840,748,2.0,2024-10-19 00:00:00+00:00,BOOKED
841,747,1.0,2024-10-19 00:00:00+00:00,BOOKED
842,754,3.0,2024-10-20 00:00:00+00:00,BOOKED
843,2330,3.0,2024-10-20 00:00:00+00:00,BOOKED
844,755,3.0,2024-10-20 00:00:00+00:00,BOOKED
845,752,2.0,2024-10-20 00:00:00+00:00,BOOKED
846,753,2.0,2024-10-20 00:00:00+00:00,BOOKED
847,751,2.0,2024-10-20 00:00:00+00:00,BOOKED
848,750,5.0,2024-10-20 00:00:00+00:00,BOOKED
849,757,3.0,2024-10-21 00:00:00+00:00,BOOKED
850,2331,2.0,2024-10-21 00:00:00+00:00,BOOKED
851,758,2.0,2024-10-22 00:00:00+00:00,BOOKED
852,759,2.0,2024-10-23 00:00:00+00:00,BOOKED
853,764,3.0,2024-10-26 00:00:00+00:00,BOOKED
854,760,2.0,2024-10-26 00:00:00+00:00,BOOKED
855,761,2.0,2024-10-26 00:00:00+00:00,BOOKED
856,762,2.0,2024-10-26 00:00:00+00:00,BOOKED
857,765,2.0,2024-10-26 00:00:00+00:00,BOOKED
858,2209,3.0,2024-10-27 00:00:00+00:00,BOOKED
859,766,3.0,2024-10-27 00:00:00+00:00,BOOKED
861,770,3.0,2024-10-27 00:00:00+00:00,BOOKED
862,769,2.0,2024-10-27 00:00:00+00:00,BOOKED
863,768,6.0,2024-10-27 00:00:00+00:00,BOOKED
864,771,2.0,2024-10-28 00:00:00+00:00,BOOKED
865,773,2.0,2024-10-28 00:00:00+00:00,BOOKED
866,772,2.0,2024-10-28 00:00:00+00:00,BOOKED
867,775,3.0,2024-10-29 00:00:00+00:00,BOOKED
868,562,3.0,2024-10-29 00:00:00+00:00,BOOKED
869,774,3.0,2024-10-29 00:00:00+00:00,BOOKED
870,530,2.0,2024-10-29 00:00:00+00:00,BOOKED
871,776,5.0,2024-10-29 00:00:00+00:00,BOOKED
872,777,3.0,2024-10-30 00:00:00+00:00,BOOKED
873,780,3.0,2024-10-31 00:00:00+00:00,BOOKED
874,778,3.0,2024-10-31 00:00:00+00:00,BOOKED
875,779,2.0,2024-10-31 00:00:00+00:00,BOOKED
876,782,3.0,2024-11-03 00:00:00+00:00,BOOKED
877,785,3.0,2024-11-03 00:00:00+00:00,BOOKED
878,781,2.0,2024-11-03 00:00:00+00:00,BOOKED
879,787,2.0,2024-11-03 00:00:00+00:00,BOOKED
880,784,2.0,2024-11-03 00:00:00+00:00,BOOKED
881,462,2.0,2024-11-03 00:00:00+00:00,BOOKED
882,783,2.0,2024-11-03 00:00:00+00:00,BOOKED
883,786,5.0,2024-11-03 00:00:00+00:00,BOOKED
884,788,3.0,2024-11-04 00:00:00+00:00,BOOKED
885,789,3.0,2024-11-04 00:00:00+00:00,BOOKED
886,2332,3.0,2024-11-05 00:00:00+00:00,BOOKED
887,792,2.0,2024-11-05 00:00:00+00:00,BOOKED
888,794,2.0,2024-11-05 00:00:00+00:00,BOOKED
889,795,2.0,2024-11-05 00:00:00+00:00,BOOKED
890,1776,3.0,2024-11-06 00:00:00+00:00,BOOKED
891,799,2.0,2024-11-06 00:00:00+00:00,BOOKED
892,797,2.0,2024-11-06 00:00:00+00:00,BOOKED
893,798,1.0,2024-11-06 00:00:00+00:00,BOOKED
894,273,2.0,2024-11-07 00:00:00+00:00,BOOKED
895,527,5.0,2024-11-07 00:00:00+00:00,BOOKED
896,802,4.0,2024-11-08 00:00:00+00:00,BOOKED
897,2333,4.0,2024-11-09 00:00:00+00:00,BOOKED
898,809,3.0,2024-11-09 00:00:00+00:00,BOOKED
899,808,3.0,2024-11-09 00:00:00+00:00,BOOKED
900,804,2.0,2024-11-09 00:00:00+00:00,BOOKED
901,805,2.0,2024-11-09 00:00:00+00:00,BOOKED
902,811,1.0,2024-11-09 00:00:00+00:00,BOOKED
903,2334,6.0,2024-11-09 00:00:00+00:00,BOOKED
904,803,5.0,2024-11-09 00:00:00+00:00,BOOKED
905,812,4.0,2024-11-10 00:00:00+00:00,BOOKED
906,813,3.0,2024-11-10 00:00:00+00:00,BOOKED
907,562,3.0,2024-11-10 00:00:00+00:00,BOOKED
908,815,2.0,2024-11-10 00:00:00+00:00,BOOKED
909,817,2.0,2024-11-10 00:00:00+00:00,BOOKED
910,2335,2.0,2024-11-10 00:00:00+00:00,BOOKED
911,816,5.0,2024-11-10 00:00:00+00:00,BOOKED
912,818,2.0,2024-11-11 00:00:00+00:00,BOOKED
913,819,2.0,2024-11-11 00:00:00+00:00,BOOKED
914,820,3.0,2024-11-12 00:00:00+00:00,BOOKED
915,821,2.0,2024-11-12 00:00:00+00:00,BOOKED
916,825,2.0,2024-11-14 00:00:00+00:00,BOOKED
917,823,2.0,2024-11-14 00:00:00+00:00,BOOKED
918,2336,2.0,2024-11-14 00:00:00+00:00,BOOKED
919,824,2.0,2024-11-14 00:00:00+00:00,BOOKED
920,826,2.0,2024-11-15 00:00:00+00:00,BOOKED
921,827,5.0,2024-11-15 00:00:00+00:00,BOOKED
922,829,2.0,2024-11-16 00:00:00+00:00,BOOKED
923,2337,2.0,2024-11-16 00:00:00+00:00,BOOKED
924,828,5.0,2024-11-16 00:00:00+00:00,BOOKED
925,43,3.0,2024-11-17 00:00:00+00:00,BOOKED
926,831,2.0,2024-11-17 00:00:00+00:00,BOOKED
927,2338,2.0,2024-11-17 00:00:00+00:00,BOOKED
928,833,2.0,2024-11-17 00:00:00+00:00,BOOKED
929,835,2.0,2024-11-18 00:00:00+00:00,BOOKED
930,753,2.0,2024-11-19 00:00:00+00:00,BOOKED
931,836,1.0,2024-11-19 00:00:00+00:00,BOOKED
932,837,1.0,2024-11-19 00:00:00+00:00,BOOKED
933,838,3.0,2024-11-22 00:00:00+00:00,BOOKED
934,1219,2.0,2024-11-22 00:00:00+00:00,BOOKED
935,843,2.0,2024-11-23 00:00:00+00:00,BOOKED
936,2339,6.0,2024-11-23 00:00:00+00:00,BOOKED
937,846,3.0,2024-11-24 00:00:00+00:00,BOOKED
938,844,2.0,2024-11-24 00:00:00+00:00,BOOKED
939,847,2.0,2024-11-24 00:00:00+00:00,BOOKED
940,2340,2.0,2024-11-24 00:00:00+00:00,BOOKED
941,849,2.0,2024-11-24 00:00:00+00:00,BOOKED
942,851,4.0,2024-11-25 00:00:00+00:00,BOOKED
943,37,2.0,2024-11-25 00:00:00+00:00,BOOKED
944,850,2.0,2024-11-25 00:00:00+00:00,BOOKED
945,853,4.0,2024-11-26 00:00:00+00:00,BOOKED
946,854,3.0,2024-11-26 00:00:00+00:00,BOOKED
947,262,2.0,2024-11-26 00:00:00+00:00,BOOKED
948,2341,1.0,2024-11-27 00:00:00+00:00,BOOKED
949,858,2.0,2024-11-28 00:00:00+00:00,BOOKED
950,1002,2.0,2024-11-28 00:00:00+00:00,BOOKED
951,856,1.0,2024-11-28 00:00:00+00:00,BOOKED
952,2342,3.0,2024-11-30 00:00:00+00:00,BOOKED
953,862,3.0,2024-11-30 00:00:00+00:00,BOOKED
954,861,2.0,2024-11-30 00:00:00+00:00,BOOKED
955,860,5.0,2024-11-30 00:00:00+00:00,BOOKED
956,863,5.0,2024-11-30 00:00:00+00:00,BOOKED
957,864,3.0,2024-12-01 00:00:00+00:00,BOOKED
958,2343,20.0,2024-12-01 00:00:00+00:00,BOOKED
959,866,2.0,2024-12-01 00:00:00+00:00,BOOKED
960,867,2.0,2024-12-02 00:00:00+00:00,BOOKED
961,869,2.0,2024-12-02 00:00:00+00:00,BOOKED
962,868,1.0,2024-12-02 00:00:00+00:00,BOOKED
963,873,4.0,2024-12-04 00:00:00+00:00,BOOKED
964,874,3.0,2024-12-04 00:00:00+00:00,BOOKED
965,875,3.0,2024-12-04 00:00:00+00:00,BOOKED
966,2344,20.0,2024-12-04 00:00:00+00:00,BOOKED
967,20,2.0,2024-12-04 00:00:00+00:00,BOOKED
968,876,20.0,2024-12-05 00:00:00+00:00,BOOKED
969,877,20.0,2024-12-05 00:00:00+00:00,BOOKED
970,879,2.0,2024-12-05 00:00:00+00:00,BOOKED
971,878,2.0,2024-12-05 00:00:00+00:00,BOOKED
972,880,2.0,2024-12-06 00:00:00+00:00,BOOKED
973,177,2.0,2024-12-06 00:00:00+00:00,BOOKED
974,882,2.0,2024-12-07 00:00:00+00:00,BOOKED
975,881,2.0,2024-12-07 00:00:00+00:00,BOOKED
976,503,2.0,2024-12-07 00:00:00+00:00,BOOKED
977,884,3.0,2024-12-08 00:00:00+00:00,BOOKED
978,887,3.0,2024-12-08 00:00:00+00:00,BOOKED
979,883,20.0,2024-12-08 00:00:00+00:00,BOOKED
980,888,20.0,2024-12-08 00:00:00+00:00,BOOKED
981,2345,2.0,2024-12-08 00:00:00+00:00,BOOKED
982,2346,2.0,2024-12-08 00:00:00+00:00,BOOKED
983,2347,2.0,2024-12-08 00:00:00+00:00,BOOKED
984,891,2.0,2024-12-09 00:00:00+00:00,BOOKED
985,892,5.0,2024-12-09 00:00:00+00:00,BOOKED
986,20,2.0,2024-12-10 00:00:00+00:00,BOOKED
987,893,2.0,2024-12-10 00:00:00+00:00,BOOKED
988,896,20.0,2024-12-11 00:00:00+00:00,BOOKED
989,894,2.0,2024-12-11 00:00:00+00:00,BOOKED
990,898,2.0,2024-12-11 00:00:00+00:00,BOOKED
991,895,1.0,2024-12-11 00:00:00+00:00,BOOKED
992,899,20.0,2024-12-13 00:00:00+00:00,BOOKED
993,900,20.0,2024-12-14 00:00:00+00:00,BOOKED
994,906,20.0,2024-12-14 00:00:00+00:00,BOOKED
995,2348,20.0,2024-12-14 00:00:00+00:00,BOOKED
996,905,20.0,2024-12-14 00:00:00+00:00,BOOKED
997,901,2.0,2024-12-14 00:00:00+00:00,BOOKED
998,903,2.0,2024-12-14 00:00:00+00:00,BOOKED
999,809,2.0,2024-12-14 00:00:00+00:00,BOOKED
1000,904,2.0,2024-12-14 00:00:00+00:00,BOOKED
1001,908,20.0,2024-12-15 00:00:00+00:00,BOOKED
1002,281,20.0,2024-12-15 00:00:00+00:00,BOOKED
1003,2349,20.0,2024-12-15 00:00:00+00:00,BOOKED
1004,736,20.0,2024-12-15 00:00:00+00:00,BOOKED
1005,910,2.0,2024-12-16 00:00:00+00:00,BOOKED
1006,897,2.0,2024-12-16 00:00:00+00:00,BOOKED
1007,913,3.0,2024-12-17 00:00:00+00:00,BOOKED
1008,912,20.0,2024-12-17 00:00:00+00:00,BOOKED
1009,119,2.0,2024-12-17 00:00:00+00:00,BOOKED
1010,300,17.0,2024-12-18 00:00:00+00:00,BOOKED
1011,914,2.0,2024-12-18 00:00:00+00:00,BOOKED
1012,915,1.0,2024-12-18 00:00:00+00:00,BOOKED
1013,916,1.0,2024-12-18 00:00:00+00:00,BOOKED
1014,919,17.0,2024-12-19 00:00:00+00:00,BOOKED
1015,917,17.0,2024-12-19 00:00:00+00:00,BOOKED
1016,920,20.0,2024-12-19 00:00:00+00:00,BOOKED
1017,918,2.0,2024-12-19 00:00:00+00:00,BOOKED
1018,2350,17.0,2024-12-20 00:00:00+00:00,BOOKED
1019,923,17.0,2024-12-20 00:00:00+00:00,BOOKED
1020,925,17.0,2024-12-20 00:00:00+00:00,BOOKED
1021,922,19.0,2024-12-20 00:00:00+00:00,BOOKED
1022,921,2.0,2024-12-20 00:00:00+00:00,BOOKED
1023,930,17.0,2024-12-21 00:00:00+00:00,BOOKED
1024,801,17.0,2024-12-21 00:00:00+00:00,BOOKED
1025,926,17.0,2024-12-21 00:00:00+00:00,BOOKED
1026,927,17.0,2024-12-21 00:00:00+00:00,BOOKED
1027,929,17.0,2024-12-21 00:00:00+00:00,BOOKED
1028,485,2.0,2024-12-21 00:00:00+00:00,BOOKED
1029,928,6.0,2024-12-21 00:00:00+00:00,BOOKED
1030,931,17.0,2024-12-22 00:00:00+00:00,BOOKED
1031,932,17.0,2024-12-22 00:00:00+00:00,BOOKED
1032,933,17.0,2024-12-22 00:00:00+00:00,BOOKED
1033,934,18.0,2024-12-22 00:00:00+00:00,BOOKED
1034,937,19.0,2024-12-22 00:00:00+00:00,BOOKED
1035,936,2.0,2024-12-22 00:00:00+00:00,BOOKED
1036,2351,2.0,2024-12-22 00:00:00+00:00,BOOKED
1037,938,17.0,2024-12-23 00:00:00+00:00,BOOKED
1038,940,17.0,2024-12-23 00:00:00+00:00,BOOKED
1039,602,19.0,2024-12-23 00:00:00+00:00,BOOKED
1040,939,1.0,2024-12-23 00:00:00+00:00,BOOKED
1041,2352,17.0,2024-12-24 00:00:00+00:00,BOOKED
1042,2353,17.0,2024-12-24 00:00:00+00:00,BOOKED
1043,944,17.0,2024-12-24 00:00:00+00:00,BOOKED
1044,176,18.0,2024-12-24 00:00:00+00:00,BOOKED
1045,942,2.0,2024-12-24 00:00:00+00:00,BOOKED
1046,562,6.0,2024-12-24 00:00:00+00:00,BOOKED
1047,947,17.0,2024-12-25 00:00:00+00:00,BOOKED
1048,950,17.0,2024-12-25 00:00:00+00:00,BOOKED
1049,952,17.0,2024-12-25 00:00:00+00:00,BOOKED
1050,949,17.0,2024-12-25 00:00:00+00:00,BOOKED
1051,945,18.0,2024-12-25 00:00:00+00:00,BOOKED
1052,946,18.0,2024-12-25 00:00:00+00:00,BOOKED
1053,948,18.0,2024-12-25 00:00:00+00:00,BOOKED
1054,955,19.0,2024-12-25 00:00:00+00:00,BOOKED
1055,951,2.0,2024-12-25 00:00:00+00:00,BOOKED
1056,953,2.0,2024-12-25 00:00:00+00:00,BOOKED
1057,2354,2.0,2024-12-25 00:00:00+00:00,BOOKED
1058,958,17.0,2024-12-27 00:00:00+00:00,BOOKED
1059,959,17.0,2024-12-27 00:00:00+00:00,BOOKED
1060,2355,17.0,2024-12-27 00:00:00+00:00,BOOKED
1062,956,17.0,2024-12-27 00:00:00+00:00,BOOKED
1063,962,18.0,2024-12-27 00:00:00+00:00,BOOKED
1064,961,2.0,2024-12-27 00:00:00+00:00,BOOKED
1065,957,2.0,2024-12-27 00:00:00+00:00,BOOKED
1066,2211,2.0,2024-12-27 00:00:00+00:00,BOOKED
1067,321,17.0,2024-12-28 00:00:00+00:00,BOOKED
1068,964,17.0,2024-12-28 00:00:00+00:00,BOOKED
1069,965,17.0,2024-12-28 00:00:00+00:00,BOOKED
1070,966,17.0,2024-12-28 00:00:00+00:00,BOOKED
1071,2356,17.0,2024-12-28 00:00:00+00:00,BOOKED
1072,988,19.0,2024-12-28 00:00:00+00:00,BOOKED
1073,968,4.0,2024-12-29 00:00:00+00:00,BOOKED
1074,969,17.0,2024-12-29 00:00:00+00:00,BOOKED
1075,511,17.0,2024-12-29 00:00:00+00:00,BOOKED
1076,384,17.0,2024-12-29 00:00:00+00:00,BOOKED
1077,971,17.0,2024-12-29 00:00:00+00:00,BOOKED
1078,972,17.0,2024-12-29 00:00:00+00:00,BOOKED
1079,973,17.0,2024-12-29 00:00:00+00:00,BOOKED
1080,974,17.0,2024-12-29 00:00:00+00:00,BOOKED
1081,970,18.0,2024-12-29 00:00:00+00:00,BOOKED
1082,328,19.0,2024-12-29 00:00:00+00:00,BOOKED
1083,262,2.0,2024-12-29 00:00:00+00:00,BOOKED
1084,920,17.0,2024-12-30 00:00:00+00:00,BOOKED
1085,976,17.0,2024-12-30 00:00:00+00:00,BOOKED
1086,980,17.0,2024-12-30 00:00:00+00:00,BOOKED
1087,982,17.0,2024-12-30 00:00:00+00:00,BOOKED
1088,977,17.0,2024-12-30 00:00:00+00:00,BOOKED
1089,978,17.0,2024-12-30 00:00:00+00:00,BOOKED
1090,979,18.0,2024-12-30 00:00:00+00:00,BOOKED
1091,2357,18.0,2024-12-30 00:00:00+00:00,BOOKED
1092,975,19.0,2024-12-30 00:00:00+00:00,BOOKED
1093,493,2.0,2024-12-30 00:00:00+00:00,BOOKED
1094,983,2.0,2024-12-30 00:00:00+00:00,BOOKED
1095,2358,17.0,2024-12-31 00:00:00+00:00,BOOKED
1096,987,17.0,2024-12-31 00:00:00+00:00,BOOKED
1097,973,17.0,2024-12-31 00:00:00+00:00,BOOKED
1098,2359,18.0,2024-12-31 00:00:00+00:00,BOOKED
1099,988,19.0,2024-12-31 00:00:00+00:00,BOOKED
1100,985,2.0,2024-12-31 00:00:00+00:00,BOOKED
1101,990,17.0,2025-01-01 00:00:00+00:00,BOOKED
1102,991,17.0,2025-01-01 00:00:00+00:00,BOOKED
1103,992,17.0,2025-01-01 00:00:00+00:00,BOOKED
1104,2360,17.0,2025-01-01 00:00:00+00:00,BOOKED
1105,997,17.0,2025-01-01 00:00:00+00:00,BOOKED
1106,998,17.0,2025-01-01 00:00:00+00:00,BOOKED
1107,995,17.0,2025-01-01 00:00:00+00:00,BOOKED
1108,996,18.0,2025-01-01 00:00:00+00:00,BOOKED
1109,994,18.0,2025-01-01 00:00:00+00:00,BOOKED
1110,989,2.0,2025-01-01 00:00:00+00:00,BOOKED
1111,999,17.0,2025-01-02 00:00:00+00:00,BOOKED
1112,2361,17.0,2025-01-02 00:00:00+00:00,BOOKED
1113,1000,17.0,2025-01-02 00:00:00+00:00,BOOKED
1114,1002,18.0,2025-01-02 00:00:00+00:00,BOOKED
1115,2362,17.0,2025-01-03 00:00:00+00:00,BOOKED
1116,547,17.0,2025-01-03 00:00:00+00:00,BOOKED
1117,1004,2.0,2025-01-03 00:00:00+00:00,BOOKED
1118,2212,2.0,2025-01-04 00:00:00+00:00,BOOKED
1119,1006,17.0,2025-01-05 00:00:00+00:00,BOOKED
1120,1007,17.0,2025-01-05 00:00:00+00:00,BOOKED
1121,1008,17.0,2025-01-05 00:00:00+00:00,BOOKED
1122,1009,17.0,2025-01-05 00:00:00+00:00,BOOKED
1123,1010,17.0,2025-01-05 00:00:00+00:00,BOOKED
1124,1011,17.0,2025-01-05 00:00:00+00:00,BOOKED
1125,1005,19.0,2025-01-05 00:00:00+00:00,BOOKED
1126,1013,17.0,2025-01-06 00:00:00+00:00,BOOKED
1127,1012,2.0,2025-01-06 00:00:00+00:00,BOOKED
1128,2363,4.0,2025-01-08 00:00:00+00:00,BOOKED
1129,1016,3.0,2025-01-08 00:00:00+00:00,BOOKED
1130,1014,2.0,2025-01-08 00:00:00+00:00,BOOKED
1131,1015,2.0,2025-01-08 00:00:00+00:00,BOOKED
1132,1018,3.0,2025-01-09 00:00:00+00:00,BOOKED
1133,1017,2.0,2025-01-09 00:00:00+00:00,BOOKED
1134,791,3.0,2025-01-10 00:00:00+00:00,BOOKED
1135,1019,3.0,2025-01-10 00:00:00+00:00,BOOKED
1136,1020,3.0,2025-01-10 00:00:00+00:00,BOOKED
1137,1018,3.0,2025-01-10 00:00:00+00:00,BOOKED
1138,2364,4.0,2025-01-11 00:00:00+00:00,BOOKED
1139,2259,3.0,2025-01-11 00:00:00+00:00,BOOKED
1140,1025,3.0,2025-01-12 00:00:00+00:00,BOOKED
1141,1027,3.0,2025-01-12 00:00:00+00:00,BOOKED
1142,1024,2.0,2025-01-12 00:00:00+00:00,BOOKED
1143,1026,2.0,2025-01-12 00:00:00+00:00,BOOKED
1144,1028,2.0,2025-01-12 00:00:00+00:00,BOOKED
1145,1023,6.0,2025-01-12 00:00:00+00:00,BOOKED
1146,541,2.0,2025-01-13 00:00:00+00:00,BOOKED
1147,1030,1.0,2025-01-13 00:00:00+00:00,BOOKED
1148,1031,2.0,2025-01-15 00:00:00+00:00,BOOKED
1149,1031,2.0,2025-01-16 00:00:00+00:00,BOOKED
1150,1033,2.0,2025-01-17 00:00:00+00:00,BOOKED
1151,1032,2.0,2025-01-17 00:00:00+00:00,BOOKED
1152,1034,2.0,2025-01-18 00:00:00+00:00,BOOKED
1153,2365,2.0,2025-01-19 00:00:00+00:00,BOOKED
1154,1038,6.0,2025-01-19 00:00:00+00:00,BOOKED
1155,1039,2.0,2025-01-20 00:00:00+00:00,BOOKED
1156,1040,3.0,2025-01-21 00:00:00+00:00,BOOKED
1157,1041,3.0,2025-01-21 00:00:00+00:00,BOOKED
1158,456,3.0,2025-01-23 00:00:00+00:00,BOOKED
1159,1045,3.0,2025-01-23 00:00:00+00:00,BOOKED
1160,2366,3.0,2025-01-23 00:00:00+00:00,BOOKED
1161,1051,3.0,2025-01-23 00:00:00+00:00,BOOKED
1162,1049,2.0,2025-01-23 00:00:00+00:00,BOOKED
1163,1050,2.0,2025-01-23 00:00:00+00:00,BOOKED
1164,1047,2.0,2025-01-23 00:00:00+00:00,BOOKED
1165,1046,2.0,2025-01-23 00:00:00+00:00,BOOKED
1166,1052,1.0,2025-01-24 00:00:00+00:00,BOOKED
1167,1054,3.0,2025-01-25 00:00:00+00:00,BOOKED
1168,235,3.0,2025-01-25 00:00:00+00:00,BOOKED
1169,1053,2.0,2025-01-25 00:00:00+00:00,BOOKED
1170,1056,2.0,2025-01-26 00:00:00+00:00,BOOKED
1171,1055,2.0,2025-01-26 00:00:00+00:00,BOOKED
1172,1057,2.0,2025-01-26 00:00:00+00:00,BOOKED
1173,1058,3.0,2025-01-27 00:00:00+00:00,BOOKED
1174,2367,3.0,2025-01-27 00:00:00+00:00,BOOKED
1175,1059,2.0,2025-01-27 00:00:00+00:00,BOOKED
1176,1061,2.0,2025-01-27 00:00:00+00:00,BOOKED
1177,1063,2.0,2025-01-28 00:00:00+00:00,BOOKED
1178,1066,3.0,2025-01-29 00:00:00+00:00,BOOKED
1179,563,2.0,2025-01-29 00:00:00+00:00,BOOKED
1180,1064,2.0,2025-01-29 00:00:00+00:00,BOOKED
1181,1065,6.0,2025-01-29 00:00:00+00:00,BOOKED
1182,1068,3.0,2025-01-31 00:00:00+00:00,BOOKED
1183,1069,2.0,2025-01-31 00:00:00+00:00,BOOKED
1184,1067,1.0,2025-01-31 00:00:00+00:00,BOOKED
1185,2368,3.0,2025-02-01 00:00:00+00:00,BOOKED
1186,1072,3.0,2025-02-01 00:00:00+00:00,BOOKED
1187,2369,2.0,2025-02-01 00:00:00+00:00,BOOKED
1188,1070,2.0,2025-02-01 00:00:00+00:00,BOOKED
1189,1076,3.0,2025-02-02 00:00:00+00:00,BOOKED
1190,1075,3.0,2025-02-02 00:00:00+00:00,BOOKED
1191,1074,6.0,2025-02-02 00:00:00+00:00,BOOKED
1192,1077,2.0,2025-02-03 00:00:00+00:00,BOOKED
1193,1078,21.0,2025-02-04 00:00:00+00:00,BOOKED
1194,797,5.0,2025-02-05 00:00:00+00:00,BOOKED
1195,1081,2.0,2025-02-07 00:00:00+00:00,BOOKED
1196,1083,1.0,2025-02-07 00:00:00+00:00,BOOKED
1197,1082,1.0,2025-02-07 00:00:00+00:00,BOOKED
1198,1080,21.0,2025-02-07 00:00:00+00:00,BOOKED
1199,1084,1.0,2025-02-08 00:00:00+00:00,BOOKED
1200,1085,1.0,2025-02-08 00:00:00+00:00,BOOKED
1201,899,1.0,2025-02-08 00:00:00+00:00,BOOKED
1202,50,21.0,2025-02-08 00:00:00+00:00,BOOKED
1203,1087,2.0,2025-02-09 00:00:00+00:00,BOOKED
1204,1086,1.0,2025-02-09 00:00:00+00:00,BOOKED
1205,560,21.0,2025-02-09 00:00:00+00:00,BOOKED
1206,8,21.0,2025-02-09 00:00:00+00:00,BOOKED
1207,1088,3.0,2025-02-10 00:00:00+00:00,BOOKED
1208,1089,2.0,2025-02-13 00:00:00+00:00,BOOKED
1209,305,21.0,2025-02-13 00:00:00+00:00,BOOKED
1210,2370,21.0,2025-02-13 00:00:00+00:00,BOOKED
1211,2371,21.0,2025-02-13 00:00:00+00:00,BOOKED
1212,462,4.0,2025-02-14 00:00:00+00:00,BOOKED
1213,1093,2.0,2025-02-14 00:00:00+00:00,BOOKED
1214,376,2.0,2025-02-14 00:00:00+00:00,BOOKED
1215,1098,2.0,2025-02-14 00:00:00+00:00,BOOKED
1216,1092,2.0,2025-02-14 00:00:00+00:00,BOOKED
1217,1094,2.0,2025-02-14 00:00:00+00:00,BOOKED
1218,462,21.0,2025-02-14 00:00:00+00:00,BOOKED
1219,1095,21.0,2025-02-14 00:00:00+00:00,BOOKED
1220,146,21.0,2025-02-14 00:00:00+00:00,BOOKED
1221,1097,21.0,2025-02-14 00:00:00+00:00,BOOKED
1222,525,21.0,2025-02-14 00:00:00+00:00,BOOKED
1223,1096,21.0,2025-02-14 00:00:00+00:00,BOOKED
1224,1099,3.0,2025-02-15 00:00:00+00:00,BOOKED
1225,1101,3.0,2025-02-15 00:00:00+00:00,BOOKED
1226,1100,3.0,2025-02-15 00:00:00+00:00,BOOKED
1227,1102,21.0,2025-02-15 00:00:00+00:00,BOOKED
1228,1103,3.0,2025-02-16 00:00:00+00:00,BOOKED
1229,1315,2.0,2025-02-16 00:00:00+00:00,BOOKED
1230,1106,2.0,2025-02-16 00:00:00+00:00,BOOKED
1231,1104,21.0,2025-02-16 00:00:00+00:00,BOOKED
1232,1107,3.0,2025-02-19 00:00:00+00:00,BOOKED
1233,2372,2.0,2025-02-20 00:00:00+00:00,BOOKED
1234,2373,2.0,2025-02-21 00:00:00+00:00,BOOKED
1235,1112,1.0,2025-02-22 00:00:00+00:00,BOOKED
1236,1111,21.0,2025-02-22 00:00:00+00:00,BOOKED
1237,1113,2.0,2025-02-23 00:00:00+00:00,BOOKED
1238,1114,2.0,2025-02-23 00:00:00+00:00,BOOKED
1239,1115,6.0,2025-02-23 00:00:00+00:00,BOOKED
1240,1117,5.0,2025-02-23 00:00:00+00:00,BOOKED
1241,1116,21.0,2025-02-23 00:00:00+00:00,BOOKED
1242,509,3.0,2025-02-24 00:00:00+00:00,BOOKED
1243,2374,3.0,2025-02-24 00:00:00+00:00,BOOKED
1244,677,2.0,2025-02-24 00:00:00+00:00,BOOKED
1245,1118,2.0,2025-02-24 00:00:00+00:00,BOOKED
1246,1123,3.0,2025-02-27 00:00:00+00:00,BOOKED
1247,60,2.0,2025-02-27 00:00:00+00:00,BOOKED
1248,2375,2.0,2025-02-27 00:00:00+00:00,BOOKED
1249,1122,2.0,2025-02-27 00:00:00+00:00,BOOKED
1250,2376,2.0,2025-02-27 00:00:00+00:00,BOOKED
1251,336,6.0,2025-02-27 00:00:00+00:00,BOOKED
1252,1128,2.0,2025-02-28 00:00:00+00:00,BOOKED
1253,1126,1.0,2025-02-28 00:00:00+00:00,BOOKED
1254,1125,1.0,2025-02-28 00:00:00+00:00,BOOKED
1255,269,21.0,2025-02-28 00:00:00+00:00,BOOKED
1256,1127,21.0,2025-02-28 00:00:00+00:00,BOOKED
1257,1124,21.0,2025-02-28 00:00:00+00:00,BOOKED
1258,1129,2.0,2025-03-01 00:00:00+00:00,BOOKED
1259,1130,2.0,2025-03-02 00:00:00+00:00,BOOKED
1260,88,2.0,2025-03-02 00:00:00+00:00,BOOKED
1261,1131,2.0,2025-03-02 00:00:00+00:00,BOOKED
1262,1132,2.0,2025-03-02 00:00:00+00:00,BOOKED
1263,1133,5.0,2025-03-02 00:00:00+00:00,BOOKED
1264,1134,5.0,2025-03-02 00:00:00+00:00,BOOKED
1265,1136,3.0,2025-03-03 00:00:00+00:00,BOOKED
1266,1135,2.0,2025-03-03 00:00:00+00:00,BOOKED
1267,1136,1.0,2025-03-04 00:00:00+00:00,BOOKED
1268,1138,3.0,2025-03-05 00:00:00+00:00,BOOKED
1269,2377,2.0,2025-03-05 00:00:00+00:00,BOOKED
1270,1140,3.0,2025-03-06 00:00:00+00:00,BOOKED
1271,1141,2.0,2025-03-07 00:00:00+00:00,BOOKED
1272,1142,3.0,2025-03-09 00:00:00+00:00,BOOKED
1273,611,5.0,2025-03-09 00:00:00+00:00,BOOKED
1274,1143,2.0,2025-03-10 00:00:00+00:00,BOOKED
1275,2378,3.0,2025-03-11 00:00:00+00:00,BOOKED
1276,1145,4.0,2025-03-13 00:00:00+00:00,BOOKED
1277,1146,3.0,2025-03-14 00:00:00+00:00,BOOKED
1278,1147,5.0,2025-03-14 00:00:00+00:00,BOOKED
1279,1148,3.0,2025-03-15 00:00:00+00:00,BOOKED
1280,275,2.0,2025-03-15 00:00:00+00:00,BOOKED
1281,2379,3.0,2025-03-16 00:00:00+00:00,BOOKED
1282,1151,3.0,2025-03-16 00:00:00+00:00,BOOKED
1283,1152,3.0,2025-03-16 00:00:00+00:00,BOOKED
1284,1153,2.0,2025-03-16 00:00:00+00:00,BOOKED
1285,1149,1.0,2025-03-16 00:00:00+00:00,BOOKED
1286,1157,4.0,2025-03-17 00:00:00+00:00,BOOKED
1287,1155,3.0,2025-03-17 00:00:00+00:00,BOOKED
1288,2380,3.0,2025-03-17 00:00:00+00:00,BOOKED
1289,1154,9.0,2025-03-17 00:00:00+00:00,BOOKED
1290,671,2.0,2025-03-17 00:00:00+00:00,BOOKED
1291,1159,3.0,2025-03-18 00:00:00+00:00,BOOKED
1292,43,2.0,2025-03-18 00:00:00+00:00,BOOKED
1293,1158,1.0,2025-03-18 00:00:00+00:00,BOOKED
1294,1160,2.0,2025-03-19 00:00:00+00:00,BOOKED
1295,1161,2.0,2025-03-20 00:00:00+00:00,BOOKED
1296,1163,4.0,2025-03-21 00:00:00+00:00,BOOKED
1297,1162,3.0,2025-03-21 00:00:00+00:00,BOOKED
1298,1164,1.0,2025-03-21 00:00:00+00:00,BOOKED
1299,1165,2.0,2025-03-22 00:00:00+00:00,BOOKED
1300,1167,2.0,2025-03-22 00:00:00+00:00,BOOKED
1301,816,2.0,2025-03-22 00:00:00+00:00,BOOKED
1302,1168,2.0,2025-03-22 00:00:00+00:00,BOOKED
1303,1171,1.0,2025-03-22 00:00:00+00:00,BOOKED
1304,1173,3.0,2025-03-23 00:00:00+00:00,BOOKED
1305,1174,3.0,2025-03-24 00:00:00+00:00,BOOKED
1306,1175,4.0,2025-03-25 00:00:00+00:00,BOOKED
1307,1177,3.0,2025-03-25 00:00:00+00:00,BOOKED
1308,1176,2.0,2025-03-25 00:00:00+00:00,BOOKED
1309,1178,2.0,2025-03-26 00:00:00+00:00,BOOKED
1310,1179,6.0,2025-03-27 00:00:00+00:00,BOOKED
1311,2381,6.0,2025-03-27 00:00:00+00:00,BOOKED
1312,1181,2.0,2025-03-28 00:00:00+00:00,BOOKED
1313,1180,6.0,2025-03-28 00:00:00+00:00,BOOKED
1314,2382,3.0,2025-03-29 00:00:00+00:00,BOOKED
1315,1184,2.0,2025-03-29 00:00:00+00:00,BOOKED
1316,1183,1.0,2025-03-29 00:00:00+00:00,BOOKED
1317,1185,3.0,2025-03-30 00:00:00+00:00,BOOKED
1318,1186,3.0,2025-03-30 00:00:00+00:00,BOOKED
1319,1187,3.0,2025-03-30 00:00:00+00:00,BOOKED
1320,1188,3.0,2025-03-31 00:00:00+00:00,BOOKED
1321,1189,3.0,2025-04-01 00:00:00+00:00,BOOKED
1322,2383,2.0,2025-04-01 00:00:00+00:00,BOOKED
1323,1191,5.0,2025-04-01 00:00:00+00:00,BOOKED
1324,1193,2.0,2025-04-03 00:00:00+00:00,BOOKED
1325,1192,5.0,2025-04-03 00:00:00+00:00,BOOKED
1326,1204,3.0,2025-04-04 00:00:00+00:00,BOOKED
1327,1203,5.0,2025-04-04 00:00:00+00:00,BOOKED
1328,1217,3.0,2025-04-05 00:00:00+00:00,BOOKED
1329,7,3.0,2025-04-05 00:00:00+00:00,BOOKED
1330,2213,2.0,2025-04-05 00:00:00+00:00,BOOKED
1331,1216,1.0,2025-04-05 00:00:00+00:00,BOOKED
1332,1218,4.0,2025-04-06 00:00:00+00:00,BOOKED
1333,2384,3.0,2025-04-07 00:00:00+00:00,BOOKED
1334,2214,9.0,2025-04-07 00:00:00+00:00,BOOKED
1335,2385,2.0,2025-04-07 00:00:00+00:00,BOOKED
1336,1221,2.0,2025-04-07 00:00:00+00:00,BOOKED
1337,1226,2.0,2025-04-07 00:00:00+00:00,BOOKED
1338,1229,2.0,2025-04-07 00:00:00+00:00,BOOKED
1339,1222,1.0,2025-04-07 00:00:00+00:00,BOOKED
1340,1233,2.0,2025-04-08 00:00:00+00:00,BOOKED
1341,1232,2.0,2025-04-08 00:00:00+00:00,BOOKED
1342,1230,2.0,2025-04-08 00:00:00+00:00,BOOKED
1343,1231,5.0,2025-04-08 00:00:00+00:00,BOOKED
1344,1234,4.0,2025-04-09 00:00:00+00:00,BOOKED
1345,1237,2.0,2025-04-09 00:00:00+00:00,BOOKED
1346,1236,2.0,2025-04-09 00:00:00+00:00,BOOKED
1347,1239,2.0,2025-04-09 00:00:00+00:00,BOOKED
1348,1241,4.0,2025-04-10 00:00:00+00:00,BOOKED
1349,1243,3.0,2025-04-10 00:00:00+00:00,BOOKED
1350,1242,2.0,2025-04-10 00:00:00+00:00,BOOKED
1351,1245,2.0,2025-04-11 00:00:00+00:00,BOOKED
1352,1246,2.0,2025-04-11 00:00:00+00:00,BOOKED
1353,2386,2.0,2025-04-11 00:00:00+00:00,BOOKED
1354,1248,2.0,2025-04-11 00:00:00+00:00,BOOKED
1355,1250,2.0,2025-04-11 00:00:00+00:00,BOOKED
1356,1244,2.0,2025-04-11 00:00:00+00:00,BOOKED
1357,1253,4.0,2025-04-12 00:00:00+00:00,BOOKED
1358,2387,3.0,2025-04-12 00:00:00+00:00,BOOKED
1359,1259,3.0,2025-04-12 00:00:00+00:00,BOOKED
1360,1254,2.0,2025-04-12 00:00:00+00:00,BOOKED
1361,1252,2.0,2025-04-12 00:00:00+00:00,BOOKED
1362,1251,2.0,2025-04-12 00:00:00+00:00,BOOKED
1363,1168,2.0,2025-04-12 00:00:00+00:00,BOOKED
1364,1255,5.0,2025-04-12 00:00:00+00:00,BOOKED
1365,1268,3.0,2025-04-13 00:00:00+00:00,BOOKED
1366,2388,3.0,2025-04-13 00:00:00+00:00,BOOKED
1367,1261,2.0,2025-04-13 00:00:00+00:00,BOOKED
1368,2389,2.0,2025-04-13 00:00:00+00:00,BOOKED
1369,2390,2.0,2025-04-13 00:00:00+00:00,BOOKED
1370,1265,2.0,2025-04-13 00:00:00+00:00,BOOKED
1371,1266,2.0,2025-04-13 00:00:00+00:00,BOOKED
1372,1143,5.0,2025-04-13 00:00:00+00:00,BOOKED
1373,1274,4.0,2025-04-14 00:00:00+00:00,BOOKED
1374,1273,3.0,2025-04-14 00:00:00+00:00,BOOKED
1375,2391,2.0,2025-04-14 00:00:00+00:00,BOOKED
1376,1269,2.0,2025-04-14 00:00:00+00:00,BOOKED
1377,1275,2.0,2025-04-14 00:00:00+00:00,BOOKED
1378,1277,3.0,2025-04-15 00:00:00+00:00,BOOKED
1379,1278,3.0,2025-04-15 00:00:00+00:00,BOOKED
1380,1276,2.0,2025-04-15 00:00:00+00:00,BOOKED
1381,849,2.0,2025-04-15 00:00:00+00:00,BOOKED
1382,787,1.0,2025-04-15 00:00:00+00:00,BOOKED
1383,1280,5.0,2025-04-15 00:00:00+00:00,BOOKED
1384,1283,7.0,2025-04-16 00:00:00+00:00,BOOKED
1385,1281,4.0,2025-04-16 00:00:00+00:00,BOOKED
1386,1284,3.0,2025-04-16 00:00:00+00:00,BOOKED
1387,1286,3.0,2025-04-16 00:00:00+00:00,BOOKED
1388,1285,3.0,2025-04-16 00:00:00+00:00,BOOKED
1389,1282,5.0,2025-04-16 00:00:00+00:00,BOOKED
1390,1287,3.0,2025-04-19 00:00:00+00:00,BOOKED
1391,2392,2.0,2025-04-19 00:00:00+00:00,BOOKED
1392,1289,2.0,2025-04-19 00:00:00+00:00,BOOKED
1393,1292,3.0,2025-04-20 00:00:00+00:00,BOOKED
1394,1290,3.0,2025-04-20 00:00:00+00:00,BOOKED
1395,1291,3.0,2025-04-20 00:00:00+00:00,BOOKED
1396,1296,2.0,2025-04-21 00:00:00+00:00,BOOKED
1397,1297,1.0,2025-04-21 00:00:00+00:00,BOOKED
1398,1298,2.0,2025-04-22 00:00:00+00:00,BOOKED
1399,573,2.0,2025-04-23 00:00:00+00:00,BOOKED
1400,989,2.0,2025-04-23 00:00:00+00:00,BOOKED
1401,2393,2.0,2025-04-23 00:00:00+00:00,BOOKED
1402,1308,2.0,2025-04-24 00:00:00+00:00,BOOKED
1403,1080,3.0,2025-04-25 00:00:00+00:00,BOOKED
1404,1316,4.0,2025-04-26 00:00:00+00:00,BOOKED
1405,1314,3.0,2025-04-26 00:00:00+00:00,BOOKED
1406,1313,2.0,2025-04-26 00:00:00+00:00,BOOKED
1407,1315,2.0,2025-04-26 00:00:00+00:00,BOOKED
1408,1312,5.0,2025-04-26 00:00:00+00:00,BOOKED
1409,1317,3.0,2025-04-27 00:00:00+00:00,BOOKED
1410,1318,3.0,2025-04-27 00:00:00+00:00,BOOKED
1411,1319,3.0,2025-04-27 00:00:00+00:00,BOOKED
1412,940,2.0,2025-04-28 00:00:00+00:00,BOOKED
1413,1323,2.0,2025-04-28 00:00:00+00:00,BOOKED
1414,1322,2.0,2025-04-28 00:00:00+00:00,BOOKED
1415,1321,6.0,2025-04-28 00:00:00+00:00,BOOKED
1416,2394,5.0,2025-04-28 00:00:00+00:00,BOOKED
1417,2215,4.0,2025-04-29 00:00:00+00:00,BOOKED
1418,50,2.0,2025-04-29 00:00:00+00:00,BOOKED
1419,1325,2.0,2025-04-29 00:00:00+00:00,BOOKED
1420,1409,5.0,2025-04-29 00:00:00+00:00,BOOKED
1421,1327,4.0,2025-05-01 00:00:00+00:00,BOOKED
1422,1326,3.0,2025-05-01 00:00:00+00:00,BOOKED
1423,1094,2.0,2025-05-01 00:00:00+00:00,BOOKED
1424,573,2.0,2025-05-01 00:00:00+00:00,BOOKED
1425,1330,2.0,2025-05-02 00:00:00+00:00,BOOKED
1426,1329,2.0,2025-05-02 00:00:00+00:00,BOOKED
1427,1096,2.0,2025-05-02 00:00:00+00:00,BOOKED
1428,1331,3.0,2025-05-03 00:00:00+00:00,BOOKED
1429,386,5.0,2025-05-03 00:00:00+00:00,BOOKED
1430,1335,3.0,2025-05-04 00:00:00+00:00,BOOKED
1431,1337,2.0,2025-05-04 00:00:00+00:00,BOOKED
1432,983,2.0,2025-05-04 00:00:00+00:00,BOOKED
1433,1336,5.0,2025-05-04 00:00:00+00:00,BOOKED
1434,1334,5.0,2025-05-04 00:00:00+00:00,BOOKED
1435,1339,4.0,2025-05-05 00:00:00+00:00,BOOKED
1436,46,2.0,2025-05-05 00:00:00+00:00,BOOKED
1437,2148,1.0,2025-05-05 00:00:00+00:00,BOOKED
1438,1341,2.0,2025-05-06 00:00:00+00:00,BOOKED
1439,2395,6.0,2025-05-06 00:00:00+00:00,BOOKED
1440,1342,2.0,2025-05-07 00:00:00+00:00,BOOKED
1441,48,2.0,2025-05-07 00:00:00+00:00,BOOKED
1442,1343,2.0,2025-05-07 00:00:00+00:00,BOOKED
1443,1346,2.0,2025-05-07 00:00:00+00:00,BOOKED
1444,1344,6.0,2025-05-07 00:00:00+00:00,BOOKED
1445,781,5.0,2025-05-07 00:00:00+00:00,BOOKED
1446,1345,5.0,2025-05-07 00:00:00+00:00,BOOKED
1447,1348,4.0,2025-05-08 00:00:00+00:00,BOOKED
1448,2396,3.0,2025-05-08 00:00:00+00:00,BOOKED
1449,1347,3.0,2025-05-08 00:00:00+00:00,BOOKED
1450,1349,3.0,2025-05-08 00:00:00+00:00,BOOKED
1451,55,2.0,2025-05-08 00:00:00+00:00,BOOKED
1452,2397,4.0,2025-05-09 00:00:00+00:00,BOOKED
1453,404,2.0,2025-05-09 00:00:00+00:00,BOOKED
1454,1351,3.0,2025-05-09 00:00:00+00:00,BOOKED
1455,1352,2.0,2025-05-10 00:00:00+00:00,BOOKED
1456,1353,2.0,2025-05-10 00:00:00+00:00,BOOKED
1457,1357,3.0,2025-05-11 00:00:00+00:00,BOOKED
1458,1355,3.0,2025-05-11 00:00:00+00:00,BOOKED
1459,1354,2.0,2025-05-11 00:00:00+00:00,BOOKED
1460,2398,2.0,2025-05-11 00:00:00+00:00,BOOKED
1461,1359,2.0,2025-05-12 00:00:00+00:00,BOOKED
1462,1360,2.0,2025-05-12 00:00:00+00:00,BOOKED
1463,1361,1.0,2025-05-12 00:00:00+00:00,BOOKED
1464,386,3.0,2025-05-13 00:00:00+00:00,BOOKED
1465,1362,2.0,2025-05-13 00:00:00+00:00,BOOKED
1466,1363,3.0,2025-05-14 00:00:00+00:00,BOOKED
1467,2399,3.0,2025-05-15 00:00:00+00:00,BOOKED
1468,1365,2.0,2025-05-15 00:00:00+00:00,BOOKED
1469,1367,2.0,2025-05-17 00:00:00+00:00,BOOKED
1470,988,2.0,2025-05-17 00:00:00+00:00,BOOKED
1471,1368,2.0,2025-05-17 00:00:00+00:00,BOOKED
1472,1372,3.0,2025-05-18 00:00:00+00:00,BOOKED
1473,1369,3.0,2025-05-18 00:00:00+00:00,BOOKED
1474,931,3.0,2025-05-18 00:00:00+00:00,BOOKED
1475,1370,2.0,2025-05-18 00:00:00+00:00,BOOKED
1476,1371,2.0,2025-05-18 00:00:00+00:00,BOOKED
1477,1373,1.0,2025-05-18 00:00:00+00:00,BOOKED
1478,517,5.0,2025-05-18 00:00:00+00:00,BOOKED
1479,1376,2.0,2025-05-20 00:00:00+00:00,BOOKED
1480,1377,2.0,2025-05-20 00:00:00+00:00,BOOKED
1481,1378,2.0,2025-05-20 00:00:00+00:00,BOOKED
1482,2400,1.0,2025-05-20 00:00:00+00:00,BOOKED
1483,1381,2.0,2025-05-21 00:00:00+00:00,BOOKED
1484,1382,2.0,2025-05-21 00:00:00+00:00,BOOKED
1485,2401,2.0,2025-05-21 00:00:00+00:00,BOOKED
1486,1380,2.0,2025-05-21 00:00:00+00:00,BOOKED
1487,983,2.0,2025-05-21 00:00:00+00:00,BOOKED
1488,1068,3.0,2025-05-22 00:00:00+00:00,BOOKED
1489,1135,2.0,2025-05-22 00:00:00+00:00,BOOKED
1490,1349,6.0,2025-05-22 00:00:00+00:00,BOOKED
1491,2402,3.0,2025-05-23 00:00:00+00:00,BOOKED
1492,1387,3.0,2025-05-23 00:00:00+00:00,BOOKED
1493,1388,3.0,2025-05-23 00:00:00+00:00,BOOKED
1494,1386,2.0,2025-05-23 00:00:00+00:00,BOOKED
1495,1385,2.0,2025-05-23 00:00:00+00:00,BOOKED
1496,1389,5.0,2025-05-23 00:00:00+00:00,BOOKED
1497,1313,2.0,2025-05-24 00:00:00+00:00,BOOKED
1498,1392,2.0,2025-05-24 00:00:00+00:00,BOOKED
1499,1391,2.0,2025-05-24 00:00:00+00:00,BOOKED
1500,1395,4.0,2025-05-25 00:00:00+00:00,BOOKED
1501,1396,3.0,2025-05-25 00:00:00+00:00,BOOKED
1502,1397,2.0,2025-05-25 00:00:00+00:00,BOOKED
1503,295,3.0,2025-05-26 00:00:00+00:00,BOOKED
1504,1398,2.0,2025-05-26 00:00:00+00:00,BOOKED
1505,1401,2.0,2025-05-27 00:00:00+00:00,BOOKED
1506,2403,2.0,2025-05-27 00:00:00+00:00,BOOKED
1507,1400,2.0,2025-05-27 00:00:00+00:00,BOOKED
1508,1402,2.0,2025-05-28 00:00:00+00:00,BOOKED
1509,1405,2.0,2025-05-29 00:00:00+00:00,BOOKED
1510,1404,2.0,2025-05-29 00:00:00+00:00,BOOKED
1511,1408,2.0,2025-05-29 00:00:00+00:00,BOOKED
1512,1403,6.0,2025-05-29 00:00:00+00:00,BOOKED
1513,1418,9.0,2025-05-30 00:00:00+00:00,BOOKED
1514,389,2.0,2025-05-30 00:00:00+00:00,BOOKED
1515,1417,2.0,2025-05-30 00:00:00+00:00,BOOKED
1516,1415,2.0,2025-05-30 00:00:00+00:00,BOOKED
1517,1416,2.0,2025-05-30 00:00:00+00:00,BOOKED
1518,1422,5.0,2025-05-30 00:00:00+00:00,BOOKED
1519,1409,5.0,2025-05-30 00:00:00+00:00,BOOKED
1520,1424,2.0,2025-05-31 00:00:00+00:00,BOOKED
1521,1425,1.0,2025-05-31 00:00:00+00:00,BOOKED
1522,1427,3.0,2025-06-01 00:00:00+00:00,BOOKED
1523,1426,3.0,2025-06-01 00:00:00+00:00,BOOKED
1524,1430,1.0,2025-06-01 00:00:00+00:00,BOOKED
1525,1429,5.0,2025-06-01 00:00:00+00:00,BOOKED
1526,1432,3.0,2025-06-02 00:00:00+00:00,BOOKED
1527,1433,3.0,2025-06-03 00:00:00+00:00,BOOKED
1528,1434,2.0,2025-06-03 00:00:00+00:00,BOOKED
1529,416,2.0,2025-06-03 00:00:00+00:00,BOOKED
1530,1437,3.0,2025-06-04 00:00:00+00:00,BOOKED
1531,1439,3.0,2025-06-05 00:00:00+00:00,BOOKED
1532,1438,2.0,2025-06-05 00:00:00+00:00,BOOKED
1533,1442,3.0,2025-06-06 00:00:00+00:00,BOOKED
1534,1444,2.0,2025-06-06 00:00:00+00:00,BOOKED
1535,858,2.0,2025-06-06 00:00:00+00:00,BOOKED
1536,1447,2.0,2025-06-06 00:00:00+00:00,BOOKED
1537,1445,5.0,2025-06-06 00:00:00+00:00,BOOKED
1538,1448,3.0,2025-06-07 00:00:00+00:00,BOOKED
1539,1324,3.0,2025-06-07 00:00:00+00:00,BOOKED
1540,46,2.0,2025-06-07 00:00:00+00:00,BOOKED
1541,336,3.0,2025-06-08 00:00:00+00:00,BOOKED
1542,858,2.0,2025-06-08 00:00:00+00:00,BOOKED
1543,1450,2.0,2025-06-08 00:00:00+00:00,BOOKED
1544,2404,2.0,2025-06-08 00:00:00+00:00,BOOKED
1545,257,2.0,2025-06-08 00:00:00+00:00,BOOKED
1546,1039,2.0,2025-06-08 00:00:00+00:00,BOOKED
1547,2405,1.0,2025-06-09 00:00:00+00:00,BOOKED
1548,1454,3.0,2025-06-10 00:00:00+00:00,BOOKED
1549,1453,3.0,2025-06-10 00:00:00+00:00,BOOKED
1550,1169,3.0,2025-06-10 00:00:00+00:00,BOOKED
1551,59,2.0,2025-06-10 00:00:00+00:00,BOOKED
1552,1452,2.0,2025-06-10 00:00:00+00:00,BOOKED
1553,2406,3.0,2025-06-12 00:00:00+00:00,BOOKED
1554,1455,1.0,2025-06-12 00:00:00+00:00,BOOKED
1555,1459,1.0,2025-06-12 00:00:00+00:00,BOOKED
1556,2407,3.0,2025-06-13 00:00:00+00:00,BOOKED
1557,1460,2.0,2025-06-13 00:00:00+00:00,BOOKED
1558,1464,3.0,2025-06-14 00:00:00+00:00,BOOKED
1559,1467,4.0,2025-06-15 00:00:00+00:00,BOOKED
1560,1468,4.0,2025-06-15 00:00:00+00:00,BOOKED
1561,365,3.0,2025-06-15 00:00:00+00:00,BOOKED
1562,1315,2.0,2025-06-15 00:00:00+00:00,BOOKED
1563,1191,5.0,2025-06-15 00:00:00+00:00,BOOKED
1564,1471,3.0,2025-06-16 00:00:00+00:00,BOOKED
1565,1470,2.0,2025-06-16 00:00:00+00:00,BOOKED
1566,699,1.0,2025-06-16 00:00:00+00:00,BOOKED
1567,1474,3.0,2025-06-17 00:00:00+00:00,BOOKED
1568,1475,3.0,2025-06-17 00:00:00+00:00,BOOKED
1569,2408,3.0,2025-06-17 00:00:00+00:00,BOOKED
1570,1473,2.0,2025-06-17 00:00:00+00:00,BOOKED
1571,1478,2.0,2025-06-19 00:00:00+00:00,BOOKED
1572,1477,6.0,2025-06-19 00:00:00+00:00,BOOKED
1573,1481,4.0,2025-06-21 00:00:00+00:00,BOOKED
1574,2409,2.0,2025-06-21 00:00:00+00:00,BOOKED
1575,1483,3.0,2025-06-22 00:00:00+00:00,BOOKED
1576,1484,3.0,2025-06-22 00:00:00+00:00,BOOKED
1577,2410,3.0,2025-06-22 00:00:00+00:00,BOOKED
1578,1488,3.0,2025-06-22 00:00:00+00:00,BOOKED
1579,983,2.0,2025-06-22 00:00:00+00:00,BOOKED
1580,1487,2.0,2025-06-22 00:00:00+00:00,BOOKED
1581,1485,2.0,2025-06-22 00:00:00+00:00,BOOKED
1582,371,4.0,2025-06-23 00:00:00+00:00,BOOKED
1583,1492,3.0,2025-06-23 00:00:00+00:00,BOOKED
1584,1490,2.0,2025-06-23 00:00:00+00:00,BOOKED
1585,1493,2.0,2025-06-23 00:00:00+00:00,BOOKED
1586,1491,1.0,2025-06-23 00:00:00+00:00,BOOKED
1587,1494,3.0,2025-06-24 00:00:00+00:00,BOOKED
1588,2411,1.0,2025-06-24 00:00:00+00:00,BOOKED
1589,363,2.0,2025-06-25 00:00:00+00:00,BOOKED
1590,332,2.0,2025-06-25 00:00:00+00:00,BOOKED
1591,1500,3.0,2025-06-26 00:00:00+00:00,BOOKED
1592,1499,2.0,2025-06-26 00:00:00+00:00,BOOKED
1593,2412,2.0,2025-06-26 00:00:00+00:00,BOOKED
1594,1502,2.0,2025-06-26 00:00:00+00:00,BOOKED
1595,1504,2.0,2025-06-27 00:00:00+00:00,BOOKED
1596,1505,3.0,2025-06-28 00:00:00+00:00,BOOKED
1597,2413,2.0,2025-06-28 00:00:00+00:00,BOOKED
1598,1509,3.0,2025-06-29 00:00:00+00:00,BOOKED
1599,1510,3.0,2025-06-29 00:00:00+00:00,BOOKED
1600,1506,2.0,2025-06-29 00:00:00+00:00,BOOKED
1601,2414,2.0,2025-06-29 00:00:00+00:00,BOOKED
1602,2415,5.0,2025-06-29 00:00:00+00:00,BOOKED
1603,1363,3.0,2025-06-30 00:00:00+00:00,BOOKED
1604,1513,3.0,2025-06-30 00:00:00+00:00,BOOKED
1605,1512,3.0,2025-06-30 00:00:00+00:00,BOOKED
1606,2217,2.0,2025-07-02 00:00:00+00:00,BOOKED
1607,1516,2.0,2025-07-02 00:00:00+00:00,BOOKED
1608,1517,2.0,2025-07-02 00:00:00+00:00,BOOKED
1609,1520,3.0,2025-07-03 00:00:00+00:00,BOOKED
1610,1519,2.0,2025-07-03 00:00:00+00:00,BOOKED
1611,1518,1.0,2025-07-03 00:00:00+00:00,BOOKED
1612,1522,2.0,2025-07-04 00:00:00+00:00,BOOKED
1613,1523,2.0,2025-07-04 00:00:00+00:00,BOOKED
1614,1525,2.0,2025-07-04 00:00:00+00:00,BOOKED
1615,419,3.0,2025-07-06 00:00:00+00:00,BOOKED
1616,2416,3.0,2025-07-06 00:00:00+00:00,BOOKED
1617,1529,3.0,2025-07-06 00:00:00+00:00,BOOKED
1618,1527,3.0,2025-07-06 00:00:00+00:00,BOOKED
1619,1526,2.0,2025-07-06 00:00:00+00:00,BOOKED
1620,1530,5.0,2025-07-06 00:00:00+00:00,BOOKED
1621,1531,3.0,2025-07-07 00:00:00+00:00,BOOKED
1622,1532,3.0,2025-07-07 00:00:00+00:00,BOOKED
1623,1218,3.0,2025-07-08 00:00:00+00:00,BOOKED
1624,1538,3.0,2025-07-10 00:00:00+00:00,BOOKED
1625,1536,3.0,2025-07-10 00:00:00+00:00,BOOKED
1626,1346,2.0,2025-07-10 00:00:00+00:00,BOOKED
1627,1537,2.0,2025-07-10 00:00:00+00:00,BOOKED
1628,1537,1.0,2025-07-10 00:00:00+00:00,BOOKED
1629,1541,3.0,2025-07-11 00:00:00+00:00,BOOKED
1630,1540,2.0,2025-07-11 00:00:00+00:00,BOOKED
1631,1539,2.0,2025-07-11 00:00:00+00:00,BOOKED
1632,1544,4.0,2025-07-12 00:00:00+00:00,BOOKED
1633,1542,3.0,2025-07-12 00:00:00+00:00,BOOKED
1634,1543,2.0,2025-07-12 00:00:00+00:00,BOOKED
1635,2417,4.0,2025-07-13 00:00:00+00:00,BOOKED
1636,2418,4.0,2025-07-13 00:00:00+00:00,BOOKED
1637,1547,2.0,2025-07-13 00:00:00+00:00,BOOKED
1638,1549,6.0,2025-07-13 00:00:00+00:00,BOOKED
1639,1548,5.0,2025-07-13 00:00:00+00:00,BOOKED
1640,2419,3.0,2025-07-14 00:00:00+00:00,BOOKED
1641,439,3.0,2025-07-15 00:00:00+00:00,BOOKED
1642,1556,3.0,2025-07-15 00:00:00+00:00,BOOKED
1643,2420,2.0,2025-07-15 00:00:00+00:00,BOOKED
1644,1555,2.0,2025-07-15 00:00:00+00:00,BOOKED
1645,1559,3.0,2025-07-17 00:00:00+00:00,BOOKED
1646,1557,3.0,2025-07-17 00:00:00+00:00,BOOKED
1647,1558,5.0,2025-07-17 00:00:00+00:00,BOOKED
1648,2421,3.0,2025-07-18 00:00:00+00:00,BOOKED
1649,1564,3.0,2025-07-19 00:00:00+00:00,BOOKED
1650,2422,2.0,2025-07-19 00:00:00+00:00,BOOKED
1651,816,2.0,2025-07-19 00:00:00+00:00,BOOKED
1652,1562,2.0,2025-07-19 00:00:00+00:00,BOOKED
1653,1518,2.0,2025-07-20 00:00:00+00:00,BOOKED
1654,479,1.0,2025-07-20 00:00:00+00:00,BOOKED
1655,1566,2.0,2025-07-24 00:00:00+00:00,BOOKED
1656,1568,2.0,2025-07-25 00:00:00+00:00,BOOKED
1657,1570,3.0,2025-07-26 00:00:00+00:00,BOOKED
1658,2423,3.0,2025-07-26 00:00:00+00:00,BOOKED
1659,1569,2.0,2025-07-26 00:00:00+00:00,BOOKED
1660,471,2.0,2025-07-26 00:00:00+00:00,BOOKED
1661,1572,3.0,2025-07-27 00:00:00+00:00,BOOKED
1662,1203,2.0,2025-07-27 00:00:00+00:00,BOOKED
1663,476,2.0,2025-07-27 00:00:00+00:00,BOOKED
1664,1573,2.0,2025-07-28 00:00:00+00:00,BOOKED
1665,1574,2.0,2025-07-29 00:00:00+00:00,BOOKED
1666,1575,3.0,2025-07-30 00:00:00+00:00,BOOKED
1667,1576,2.0,2025-07-30 00:00:00+00:00,BOOKED
1668,1577,2.0,2025-07-30 00:00:00+00:00,BOOKED
1669,1575,2.0,2025-07-30 00:00:00+00:00,BOOKED
1670,1580,3.0,2025-07-31 00:00:00+00:00,BOOKED
1671,1578,2.0,2025-07-31 00:00:00+00:00,BOOKED
1672,1579,2.0,2025-07-31 00:00:00+00:00,BOOKED
1673,2424,3.0,2025-08-01 00:00:00+00:00,BOOKED
1674,1585,3.0,2025-08-01 00:00:00+00:00,BOOKED
1675,50,3.0,2025-08-01 00:00:00+00:00,BOOKED
1676,1582,2.0,2025-08-01 00:00:00+00:00,BOOKED
1677,1586,2.0,2025-08-01 00:00:00+00:00,BOOKED
1678,487,2.0,2025-08-01 00:00:00+00:00,BOOKED
1679,1588,2.0,2025-08-02 00:00:00+00:00,BOOKED
1680,1587,2.0,2025-08-02 00:00:00+00:00,BOOKED
1681,2425,5.0,2025-08-02 00:00:00+00:00,BOOKED
1682,1589,5.0,2025-08-02 00:00:00+00:00,BOOKED
1683,1594,3.0,2025-08-03 00:00:00+00:00,BOOKED
1684,1592,3.0,2025-08-03 00:00:00+00:00,BOOKED
1685,921,2.0,2025-08-03 00:00:00+00:00,BOOKED
1686,1591,5.0,2025-08-03 00:00:00+00:00,BOOKED
1687,2426,5.0,2025-08-03 00:00:00+00:00,BOOKED
1688,1595,2.0,2025-08-04 00:00:00+00:00,BOOKED
1689,1596,2.0,2025-08-05 00:00:00+00:00,BOOKED
1690,1597,2.0,2025-08-05 00:00:00+00:00,BOOKED
1691,2427,2.0,2025-08-05 00:00:00+00:00,BOOKED
1692,1600,3.0,2025-08-06 00:00:00+00:00,BOOKED
1693,1599,3.0,2025-08-06 00:00:00+00:00,BOOKED
1694,2219,3.0,2025-08-07 00:00:00+00:00,BOOKED
1695,517,3.0,2025-08-07 00:00:00+00:00,BOOKED
1696,1601,2.0,2025-08-07 00:00:00+00:00,BOOKED
1697,1604,3.0,2025-08-08 00:00:00+00:00,BOOKED
1698,2428,1.0,2025-08-08 00:00:00+00:00,BOOKED
1699,797,1.0,2025-08-08 00:00:00+00:00,BOOKED
1700,1602,1.0,2025-08-08 00:00:00+00:00,BOOKED
1701,1605,3.0,2025-08-10 00:00:00+00:00,BOOKED
1702,672,2.0,2025-08-10 00:00:00+00:00,BOOKED
1703,1608,2.0,2025-08-10 00:00:00+00:00,BOOKED
1704,1607,2.0,2025-08-10 00:00:00+00:00,BOOKED
1705,1609,2.0,2025-08-10 00:00:00+00:00,BOOKED
1706,1610,2.0,2025-08-10 00:00:00+00:00,BOOKED
1707,516,2.0,2025-08-10 00:00:00+00:00,BOOKED
1708,1613,2.0,2025-08-11 00:00:00+00:00,BOOKED
1709,1611,2.0,2025-08-11 00:00:00+00:00,BOOKED
1710,1613,2.0,2025-08-11 00:00:00+00:00,BOOKED
1711,1612,1.0,2025-08-11 00:00:00+00:00,BOOKED
1712,1615,2.0,2025-08-13 00:00:00+00:00,BOOKED
1713,485,2.0,2025-08-13 00:00:00+00:00,BOOKED
1714,1617,3.0,2025-08-15 00:00:00+00:00,BOOKED
1715,1619,3.0,2025-08-15 00:00:00+00:00,BOOKED
1716,1623,3.0,2025-08-15 00:00:00+00:00,BOOKED
1717,771,2.0,2025-08-15 00:00:00+00:00,BOOKED
1718,1621,2.0,2025-08-15 00:00:00+00:00,BOOKED
1719,27,2.0,2025-08-15 00:00:00+00:00,BOOKED
1720,2429,2.0,2025-08-15 00:00:00+00:00,BOOKED
1721,1616,5.0,2025-08-15 00:00:00+00:00,BOOKED
1722,2220,3.0,2025-08-16 00:00:00+00:00,BOOKED
1723,1625,3.0,2025-08-16 00:00:00+00:00,BOOKED
1724,951,2.0,2025-08-16 00:00:00+00:00,BOOKED
1725,1624,2.0,2025-08-16 00:00:00+00:00,BOOKED
1726,1626,2.0,2025-08-16 00:00:00+00:00,BOOKED
1727,1627,5.0,2025-08-16 00:00:00+00:00,BOOKED
1728,1628,2.0,2025-08-17 00:00:00+00:00,BOOKED
1729,2221,2.0,2025-08-17 00:00:00+00:00,BOOKED
1730,402,2.0,2025-08-17 00:00:00+00:00,BOOKED
1731,1630,2.0,2025-08-17 00:00:00+00:00,BOOKED
1732,1632,2.0,2025-08-18 00:00:00+00:00,BOOKED
1733,1026,2.0,2025-08-18 00:00:00+00:00,BOOKED
1734,1631,1.0,2025-08-18 00:00:00+00:00,BOOKED
1735,549,1.0,2025-08-19 00:00:00+00:00,BOOKED
1736,1633,2.0,2025-08-20 00:00:00+00:00,BOOKED
1737,1634,2.0,2025-08-20 00:00:00+00:00,BOOKED
1738,1636,3.0,2025-08-21 00:00:00+00:00,BOOKED
1739,1635,2.0,2025-08-21 00:00:00+00:00,BOOKED
1740,1635,2.0,2025-08-21 00:00:00+00:00,BOOKED
1741,1637,2.0,2025-08-22 00:00:00+00:00,BOOKED
1742,1638,2.0,2025-08-23 00:00:00+00:00,BOOKED
1743,1640,4.0,2025-08-24 00:00:00+00:00,BOOKED
1744,1641,4.0,2025-08-24 00:00:00+00:00,BOOKED
1745,1639,3.0,2025-08-24 00:00:00+00:00,BOOKED
1746,1642,2.0,2025-08-24 00:00:00+00:00,BOOKED
1747,1643,5.0,2025-08-24 00:00:00+00:00,BOOKED
1748,1646,3.0,2025-08-25 00:00:00+00:00,BOOKED
1749,1645,2.0,2025-08-25 00:00:00+00:00,BOOKED
1750,1647,2.0,2025-08-26 00:00:00+00:00,BOOKED
1751,1157,2.0,2025-08-27 00:00:00+00:00,BOOKED
1752,1373,1.0,2025-08-27 00:00:00+00:00,BOOKED
1753,1648,2.0,2025-08-29 00:00:00+00:00,BOOKED
1754,1313,2.0,2025-08-29 00:00:00+00:00,BOOKED
1755,1650,4.0,2025-08-30 00:00:00+00:00,BOOKED
1756,1651,3.0,2025-08-30 00:00:00+00:00,BOOKED
1757,540,2.0,2025-08-30 00:00:00+00:00,BOOKED
1758,1649,6.0,2025-08-30 00:00:00+00:00,BOOKED
1759,1112,3.0,2025-08-31 00:00:00+00:00,BOOKED
1760,1450,2.0,2025-08-31 00:00:00+00:00,BOOKED
1761,2430,2.0,2025-08-31 00:00:00+00:00,BOOKED
1762,1653,2.0,2025-08-31 00:00:00+00:00,BOOKED
1763,1652,2.0,2025-08-31 00:00:00+00:00,BOOKED
1764,315,6.0,2025-08-31 00:00:00+00:00,BOOKED
1765,1655,1.0,2025-09-02 00:00:00+00:00,BOOKED
1766,2431,4.0,2025-09-03 00:00:00+00:00,BOOKED
1767,1658,2.0,2025-09-04 00:00:00+00:00,BOOKED
1768,1659,2.0,2025-09-04 00:00:00+00:00,BOOKED
1769,675,4.0,2025-09-05 00:00:00+00:00,BOOKED
1770,1660,2.0,2025-09-05 00:00:00+00:00,BOOKED
1771,605,2.0,2025-09-05 00:00:00+00:00,BOOKED
1772,1661,2.0,2025-09-05 00:00:00+00:00,BOOKED
1773,604,2.0,2025-09-05 00:00:00+00:00,BOOKED
1774,1662,4.0,2025-09-06 00:00:00+00:00,BOOKED
1775,1663,6.0,2025-09-06 00:00:00+00:00,BOOKED
1776,1669,4.0,2025-09-07 00:00:00+00:00,BOOKED
1777,1666,3.0,2025-09-07 00:00:00+00:00,BOOKED
1778,1667,3.0,2025-09-07 00:00:00+00:00,BOOKED
1779,1665,3.0,2025-09-07 00:00:00+00:00,BOOKED
1780,1668,3.0,2025-09-07 00:00:00+00:00,BOOKED
1781,929,3.0,2025-09-07 00:00:00+00:00,BOOKED
1782,1664,3.0,2025-09-07 00:00:00+00:00,BOOKED
1783,667,2.0,2025-09-07 00:00:00+00:00,BOOKED
1784,1670,2.0,2025-09-07 00:00:00+00:00,BOOKED
1785,602,5.0,2025-09-08 00:00:00+00:00,BOOKED
1786,1673,4.0,2025-09-09 00:00:00+00:00,BOOKED
1787,1671,2.0,2025-09-09 00:00:00+00:00,BOOKED
1788,1675,3.0,2025-09-10 00:00:00+00:00,BOOKED
1789,1674,3.0,2025-09-10 00:00:00+00:00,BOOKED
1790,1661,2.0,2025-09-10 00:00:00+00:00,BOOKED
1791,1677,3.0,2025-09-11 00:00:00+00:00,BOOKED
1792,1333,2.0,2025-09-13 00:00:00+00:00,BOOKED
1793,1681,2.0,2025-09-14 00:00:00+00:00,BOOKED
1794,1682,1.0,2025-09-14 00:00:00+00:00,BOOKED
1795,629,6.0,2025-09-14 00:00:00+00:00,BOOKED
1796,1679,6.0,2025-09-14 00:00:00+00:00,BOOKED
1797,1683,5.0,2025-09-14 00:00:00+00:00,BOOKED
1798,1687,4.0,2025-09-15 00:00:00+00:00,BOOKED
1799,1686,3.0,2025-09-15 00:00:00+00:00,BOOKED
1800,1685,2.0,2025-09-15 00:00:00+00:00,BOOKED
1801,1684,2.0,2025-09-15 00:00:00+00:00,BOOKED
1802,2432,2.0,2025-09-16 00:00:00+00:00,BOOKED
1803,1689,2.0,2025-09-17 00:00:00+00:00,BOOKED
1804,2433,2.0,2025-09-18 00:00:00+00:00,BOOKED
1805,1690,2.0,2025-09-18 00:00:00+00:00,BOOKED
1806,637,2.0,2025-09-18 00:00:00+00:00,BOOKED
1807,1694,2.0,2025-09-20 00:00:00+00:00,BOOKED
1808,2434,2.0,2025-09-20 00:00:00+00:00,BOOKED
1809,1693,2.0,2025-09-20 00:00:00+00:00,BOOKED
1810,1697,3.0,2025-09-21 00:00:00+00:00,BOOKED
1811,1699,3.0,2025-09-21 00:00:00+00:00,BOOKED
1812,1698,3.0,2025-09-21 00:00:00+00:00,BOOKED
1813,1700,2.0,2025-09-21 00:00:00+00:00,BOOKED
1814,2222,2.0,2025-09-21 00:00:00+00:00,BOOKED
1815,1696,1.0,2025-09-21 00:00:00+00:00,BOOKED
1816,1695,6.0,2025-09-21 00:00:00+00:00,BOOKED
1817,1589,2.0,2025-09-24 00:00:00+00:00,BOOKED
1818,619,2.0,2025-09-24 00:00:00+00:00,BOOKED
1819,1705,4.0,2025-09-25 00:00:00+00:00,BOOKED
1820,1704,3.0,2025-09-25 00:00:00+00:00,BOOKED
1821,1210,3.0,2025-09-27 00:00:00+00:00,BOOKED
1822,661,2.0,2025-09-27 00:00:00+00:00,BOOKED
1823,1706,5.0,2025-09-27 00:00:00+00:00,BOOKED
1824,1710,4.0,2025-09-28 00:00:00+00:00,BOOKED
1825,2435,3.0,2025-09-28 00:00:00+00:00,BOOKED
1826,431,2.0,2025-09-28 00:00:00+00:00,BOOKED
1827,664,2.0,2025-09-28 00:00:00+00:00,BOOKED
1828,1708,2.0,2025-09-28 00:00:00+00:00,BOOKED
1829,1709,2.0,2025-09-28 00:00:00+00:00,BOOKED
1830,1711,2.0,2025-09-29 00:00:00+00:00,BOOKED
1831,627,2.0,2025-09-30 00:00:00+00:00,BOOKED
1832,1530,5.0,2025-09-30 00:00:00+00:00,BOOKED
1833,1712,3.0,2025-10-01 00:00:00+00:00,BOOKED
1834,1713,3.0,2025-10-01 00:00:00+00:00,BOOKED
1835,1714,3.0,2025-10-02 00:00:00+00:00,BOOKED
1836,1716,2.0,2025-10-02 00:00:00+00:00,BOOKED
1837,918,1.0,2025-10-02 00:00:00+00:00,BOOKED
1838,1715,1.0,2025-10-02 00:00:00+00:00,BOOKED
1839,809,2.0,2025-10-03 00:00:00+00:00,BOOKED
1840,2223,5.0,2025-10-03 00:00:00+00:00,BOOKED
1841,1720,3.0,2025-10-04 00:00:00+00:00,BOOKED
1842,27,3.0,2025-10-04 00:00:00+00:00,BOOKED
1843,1722,2.0,2025-10-04 00:00:00+00:00,BOOKED
1844,1719,2.0,2025-10-04 00:00:00+00:00,BOOKED
1845,1721,1.0,2025-10-04 00:00:00+00:00,BOOKED
1846,1718,5.0,2025-10-04 00:00:00+00:00,BOOKED
1847,688,3.0,2025-10-05 00:00:00+00:00,BOOKED
1848,1723,2.0,2025-10-05 00:00:00+00:00,BOOKED
1849,2436,4.0,2025-10-06 00:00:00+00:00,BOOKED
1850,1727,2.0,2025-10-06 00:00:00+00:00,BOOKED
1851,1726,2.0,2025-10-06 00:00:00+00:00,BOOKED
1852,1728,2.0,2025-10-08 00:00:00+00:00,BOOKED
1853,503,2.0,2025-10-08 00:00:00+00:00,BOOKED
1854,1730,3.0,2025-10-10 00:00:00+00:00,BOOKED
1855,1729,3.0,2025-10-10 00:00:00+00:00,BOOKED
1856,1731,2.0,2025-10-10 00:00:00+00:00,BOOKED
1857,798,3.0,2025-10-11 00:00:00+00:00,BOOKED
1858,503,3.0,2025-10-11 00:00:00+00:00,BOOKED
1859,1732,2.0,2025-10-11 00:00:00+00:00,BOOKED
1860,1735,4.0,2025-10-12 00:00:00+00:00,BOOKED
1861,1737,2.0,2025-10-12 00:00:00+00:00,BOOKED
1862,1733,2.0,2025-10-12 00:00:00+00:00,BOOKED
1863,1734,2.0,2025-10-12 00:00:00+00:00,BOOKED
1864,1736,6.0,2025-10-12 00:00:00+00:00,BOOKED
1865,808,4.0,2025-10-13 00:00:00+00:00,BOOKED
1866,1738,3.0,2025-10-13 00:00:00+00:00,BOOKED
1867,1739,2.0,2025-10-13 00:00:00+00:00,BOOKED
1868,1220,2.0,2025-10-14 00:00:00+00:00,BOOKED
1869,1741,2.0,2025-10-15 00:00:00+00:00,BOOKED
1870,1742,2.0,2025-10-16 00:00:00+00:00,BOOKED
1871,1743,2.0,2025-10-16 00:00:00+00:00,BOOKED
1872,1745,3.0,2025-10-18 00:00:00+00:00,BOOKED
1873,1744,2.0,2025-10-18 00:00:00+00:00,BOOKED
1874,322,3.0,2025-10-19 00:00:00+00:00,BOOKED
1875,1746,2.0,2025-10-19 00:00:00+00:00,BOOKED
1876,739,2.0,2025-10-19 00:00:00+00:00,BOOKED
1877,680,2.0,2025-10-19 00:00:00+00:00,BOOKED
1878,1747,2.0,2025-10-20 00:00:00+00:00,BOOKED
1879,824,2.0,2025-10-20 00:00:00+00:00,BOOKED
1880,1749,2.0,2025-10-21 00:00:00+00:00,BOOKED
1881,1748,2.0,2025-10-21 00:00:00+00:00,BOOKED
1882,1750,2.0,2025-10-22 00:00:00+00:00,BOOKED
1883,2437,2.0,2025-10-23 00:00:00+00:00,BOOKED
1884,1752,4.0,2025-10-24 00:00:00+00:00,BOOKED
1885,1755,3.0,2025-10-25 00:00:00+00:00,BOOKED
1886,1754,2.0,2025-10-25 00:00:00+00:00,BOOKED
1887,760,2.0,2025-10-25 00:00:00+00:00,BOOKED
1888,1757,3.0,2025-10-26 00:00:00+00:00,BOOKED
1889,1759,2.0,2025-10-26 00:00:00+00:00,BOOKED
1890,1756,2.0,2025-10-26 00:00:00+00:00,BOOKED
1891,1758,1.0,2025-10-26 00:00:00+00:00,BOOKED
1892,1760,5.0,2025-10-26 00:00:00+00:00,BOOKED
1893,1762,2.0,2025-10-27 00:00:00+00:00,BOOKED
1894,1761,2.0,2025-10-27 00:00:00+00:00,BOOKED
1895,1763,1.0,2025-10-27 00:00:00+00:00,BOOKED
1896,1765,3.0,2025-10-28 00:00:00+00:00,BOOKED
1897,1631,1.0,2025-10-29 00:00:00+00:00,BOOKED
1898,1730,6.0,2025-10-30 00:00:00+00:00,BOOKED
1899,1766,6.0,2025-10-30 00:00:00+00:00,BOOKED
1900,4,3.0,2025-10-31 00:00:00+00:00,BOOKED
1901,1769,3.0,2025-10-31 00:00:00+00:00,BOOKED
1902,1771,2.0,2025-10-31 00:00:00+00:00,BOOKED
1903,2438,2.0,2025-10-31 00:00:00+00:00,BOOKED
1904,292,5.0,2025-10-31 00:00:00+00:00,BOOKED
1905,1773,2.0,2025-11-02 00:00:00+00:00,BOOKED
1906,795,2.0,2025-11-02 00:00:00+00:00,BOOKED
1907,1774,2.0,2025-11-05 00:00:00+00:00,BOOKED
1908,1776,3.0,2025-11-06 00:00:00+00:00,BOOKED
1909,1778,3.0,2025-11-06 00:00:00+00:00,BOOKED
1910,2439,3.0,2025-11-06 00:00:00+00:00,BOOKED
1911,1775,2.0,2025-11-06 00:00:00+00:00,BOOKED
1912,1780,4.0,2025-11-07 00:00:00+00:00,BOOKED
1913,1781,4.0,2025-11-07 00:00:00+00:00,BOOKED
1914,273,2.0,2025-11-07 00:00:00+00:00,BOOKED
1915,1779,2.0,2025-11-07 00:00:00+00:00,BOOKED
1916,2440,3.0,2025-11-08 00:00:00+00:00,BOOKED
1917,2441,2.0,2025-11-08 00:00:00+00:00,BOOKED
1918,1655,2.0,2025-11-08 00:00:00+00:00,BOOKED
1919,1784,3.0,2025-11-09 00:00:00+00:00,BOOKED
1920,1786,4.0,2025-11-10 00:00:00+00:00,BOOKED
1921,1785,2.0,2025-11-10 00:00:00+00:00,BOOKED
1922,1787,2.0,2025-11-11 00:00:00+00:00,BOOKED
1923,1788,5.0,2025-11-12 00:00:00+00:00,BOOKED
1924,2224,2.0,2025-11-13 00:00:00+00:00,BOOKED
1925,2225,2.0,2025-11-13 00:00:00+00:00,BOOKED
1926,2226,2.0,2025-11-13 00:00:00+00:00,BOOKED
1927,1657,2.0,2025-11-14 00:00:00+00:00,BOOKED
1928,808,2.0,2025-11-14 00:00:00+00:00,BOOKED
1929,2227,2.0,2025-11-14 00:00:00+00:00,BOOKED
1930,2228,3.0,2025-11-15 00:00:00+00:00,BOOKED
1931,376,3.0,2025-11-15 00:00:00+00:00,BOOKED
1932,2229,2.0,2025-11-15 00:00:00+00:00,BOOKED
1933,2230,1.0,2025-11-15 00:00:00+00:00,BOOKED
1934,2231,5.0,2025-11-15 00:00:00+00:00,BOOKED
1935,791,4.0,2025-11-16 00:00:00+00:00,BOOKED
1936,691,3.0,2025-11-16 00:00:00+00:00,BOOKED
1937,2232,2.0,2025-11-16 00:00:00+00:00,BOOKED
1938,336,2.0,2025-11-16 00:00:00+00:00,BOOKED
1939,1417,2.0,2025-11-16 00:00:00+00:00,BOOKED
1940,1646,2.0,2025-11-16 00:00:00+00:00,BOOKED
1941,2233,2.0,2025-11-16 00:00:00+00:00,BOOKED
1942,2234,5.0,2025-11-16 00:00:00+00:00,BOOKED
1943,2235,2.0,2025-11-17 00:00:00+00:00,BOOKED
1944,2236,1.0,2025-11-17 00:00:00+00:00,BOOKED
1945,2237,6.0,2025-11-17 00:00:00+00:00,BOOKED
1946,483,2.0,2025-11-18 00:00:00+00:00,BOOKED
1947,2041,4.0,2025-11-19 00:00:00+00:00,BOOKED
1948,2238,3.0,2025-11-19 00:00:00+00:00,BOOKED
1949,2239,3.0,2025-11-19 00:00:00+00:00,BOOKED
1950,2240,3.0,2025-11-19 00:00:00+00:00,BOOKED
1951,2241,3.0,2025-11-20 00:00:00+00:00,BOOKED
1952,525,2.0,2025-11-20 00:00:00+00:00,BOOKED
1953,2442,5.0,2025-11-20 00:00:00+00:00,BOOKED
1954,2242,3.0,2025-11-21 00:00:00+00:00,BOOKED
1955,2243,2.0,2025-11-21 00:00:00+00:00,BOOKED
1956,2244,2.0,2025-11-21 00:00:00+00:00,BOOKED
1957,2245,2.0,2025-11-21 00:00:00+00:00,BOOKED
1958,2246,4.0,2025-11-22 00:00:00+00:00,BOOKED
1959,2247,3.0,2025-11-22 00:00:00+00:00,BOOKED
1960,1230,2.0,2025-11-22 00:00:00+00:00,BOOKED
166,50,2.0,2024-04-16 00:00:00+00:00,BOOKED
232,20,2.0,2024-05-02 00:00:00+00:00,BOOKED
809,20,2.0,2024-10-12 00:00:00+00:00,BOOKED
860,8,3.0,2024-10-27 00:00:00+00:00,BOOKED
230,16,7.0,2024-05-02 00:00:00+00:00,BOOKED
2055,2479,10.0,2021-11-23 00:00:00+00:00,BOOKED
2058,2482,2.0,2026-03-10 00:00:00+00:00,BOOKED
2060,2483,17.0,2026-03-26 00:00:00+00:00,BOOKED
2064,2478,5.0,2026-03-26 00:00:00+00:00,BOOKED
